DHB Name,Report Year,Disease,Measure Names,Measure Values
Auckland,2017,Campylobacteriosis,"National Case rate per 100,000",135.267535270
Auckland,2016,Campylobacteriosis,"National Case rate per 100,000",158.944485824
Auckland,2015,Campylobacteriosis,"National Case rate per 100,000",135.371584986
Auckland,2014,Campylobacteriosis,"National Case rate per 100,000",150.461211756
Auckland,2013,Campylobacteriosis,"National Case rate per 100,000",152.959761314
Auckland,2012,Campylobacteriosis,"National Case rate per 100,000",158.379294029
Auckland,2011,Campylobacteriosis,"National Case rate per 100,000",151.865152104
Auckland,2010,Campylobacteriosis,"National Case rate per 100,000",168.261979275
Auckland,2009,Campylobacteriosis,"National Case rate per 100,000",166.410917409
Auckland,2008,Campylobacteriosis,"National Case rate per 100,000",156.889546384
Auckland,2007,Campylobacteriosis,"National Case rate per 100,000",302.337973063
Auckland,2006,Campylobacteriosis,"National Case rate per 100,000",379.616963064
Auckland,2017,Campylobacteriosis,National Case count,6482
Auckland,2016,Campylobacteriosis,National Case count,7456
Auckland,2015,Campylobacteriosis,National Case count,6218
Auckland,2014,Campylobacteriosis,National Case count,6782
Auckland,2013,Campylobacteriosis,National Case count,6837
Auckland,2012,Campylobacteriosis,National Case count,7016
Auckland,2011,Campylobacteriosis,National Case count,6686
Auckland,2010,Campylobacteriosis,National Case count,7346
Auckland,2009,Campylobacteriosis,National Case count,7177
Auckland,2008,Campylobacteriosis,National Case count,6694
Auckland,2007,Campylobacteriosis,National Case count,12778
Auckland,2006,Campylobacteriosis,National Case count,15873
Auckland,2017,Campylobacteriosis,"Case rate per 100,000",101.7
Auckland,2016,Campylobacteriosis,"Case rate per 100,000",102.6
Auckland,2015,Campylobacteriosis,"Case rate per 100,000",108.8
Auckland,2014,Campylobacteriosis,"Case rate per 100,000",124.5
Auckland,2013,Campylobacteriosis,"Case rate per 100,000",127.9
Auckland,2012,Campylobacteriosis,"Case rate per 100,000",112.8
Auckland,2011,Campylobacteriosis,"Case rate per 100,000",119
Auckland,2010,Campylobacteriosis,"Case rate per 100,000",145.5
Auckland,2009,Campylobacteriosis,"Case rate per 100,000",182.7
Auckland,2008,Campylobacteriosis,"Case rate per 100,000",159.6
Auckland,2007,Campylobacteriosis,"Case rate per 100,000",318.7
Auckland,2006,Campylobacteriosis,"Case rate per 100,000",423.1
Auckland,2017,Campylobacteriosis,Case count,532
Auckland,2016,Campylobacteriosis,Case count,520
Auckland,2015,Campylobacteriosis,Case count,533
Auckland,2014,Campylobacteriosis,Case count,587
Auckland,2013,Campylobacteriosis,Case count,598
Auckland,2012,Campylobacteriosis,Case count,521
Auckland,2011,Campylobacteriosis,Case count,543
Auckland,2010,Campylobacteriosis,Case count,655
Auckland,2009,Campylobacteriosis,Case count,811
Auckland,2008,Campylobacteriosis,Case count,699
Auckland,2007,Campylobacteriosis,Case count,1381
Auckland,2006,Campylobacteriosis,Case count,1813
Bay of Plenty,2017,Campylobacteriosis,"National Case rate per 100,000",135.267535270
Bay of Plenty,2016,Campylobacteriosis,"National Case rate per 100,000",158.944485824
Bay of Plenty,2015,Campylobacteriosis,"National Case rate per 100,000",135.371584986
Bay of Plenty,2014,Campylobacteriosis,"National Case rate per 100,000",150.461211756
Bay of Plenty,2013,Campylobacteriosis,"National Case rate per 100,000",152.959761314
Bay of Plenty,2012,Campylobacteriosis,"National Case rate per 100,000",158.379294029
Bay of Plenty,2011,Campylobacteriosis,"National Case rate per 100,000",151.865152104
Bay of Plenty,2010,Campylobacteriosis,"National Case rate per 100,000",168.261979275
Bay of Plenty,2009,Campylobacteriosis,"National Case rate per 100,000",166.410917409
Bay of Plenty,2008,Campylobacteriosis,"National Case rate per 100,000",156.889546384
Bay of Plenty,2007,Campylobacteriosis,"National Case rate per 100,000",302.337973063
Bay of Plenty,2006,Campylobacteriosis,"National Case rate per 100,000",379.616963064
Bay of Plenty,2017,Campylobacteriosis,National Case count,6482
Bay of Plenty,2016,Campylobacteriosis,National Case count,7456
Bay of Plenty,2015,Campylobacteriosis,National Case count,6218
Bay of Plenty,2014,Campylobacteriosis,National Case count,6782
Bay of Plenty,2013,Campylobacteriosis,National Case count,6837
Bay of Plenty,2012,Campylobacteriosis,National Case count,7016
Bay of Plenty,2011,Campylobacteriosis,National Case count,6686
Bay of Plenty,2010,Campylobacteriosis,National Case count,7346
Bay of Plenty,2009,Campylobacteriosis,National Case count,7177
Bay of Plenty,2008,Campylobacteriosis,National Case count,6694
Bay of Plenty,2007,Campylobacteriosis,National Case count,12778
Bay of Plenty,2006,Campylobacteriosis,National Case count,15873
Bay of Plenty,2017,Campylobacteriosis,"Case rate per 100,000",98.4
Bay of Plenty,2016,Campylobacteriosis,"Case rate per 100,000",108.6
Bay of Plenty,2015,Campylobacteriosis,"Case rate per 100,000",110.2
Bay of Plenty,2014,Campylobacteriosis,"Case rate per 100,000",150.4
Bay of Plenty,2013,Campylobacteriosis,"Case rate per 100,000",123
Bay of Plenty,2012,Campylobacteriosis,"Case rate per 100,000",126
Bay of Plenty,2011,Campylobacteriosis,"Case rate per 100,000",137.9
Bay of Plenty,2010,Campylobacteriosis,"Case rate per 100,000",153.3
Bay of Plenty,2009,Campylobacteriosis,"Case rate per 100,000",152.5
Bay of Plenty,2008,Campylobacteriosis,"Case rate per 100,000",125.3
Bay of Plenty,2007,Campylobacteriosis,"Case rate per 100,000",245
Bay of Plenty,2006,Campylobacteriosis,"Case rate per 100,000",324
Bay of Plenty,2017,Campylobacteriosis,Case count,228
Bay of Plenty,2016,Campylobacteriosis,Case count,246
Bay of Plenty,2015,Campylobacteriosis,Case count,244
Bay of Plenty,2014,Campylobacteriosis,Case count,327
Bay of Plenty,2013,Campylobacteriosis,Case count,262
Bay of Plenty,2012,Campylobacteriosis,Case count,267
Bay of Plenty,2011,Campylobacteriosis,Case count,292
Bay of Plenty,2010,Campylobacteriosis,Case count,322
Bay of Plenty,2009,Campylobacteriosis,Case count,317
Bay of Plenty,2008,Campylobacteriosis,Case count,257
Bay of Plenty,2007,Campylobacteriosis,Case count,498
Bay of Plenty,2006,Campylobacteriosis,Case count,650
Canterbury,2017,Campylobacteriosis,"National Case rate per 100,000",135.267535270
Canterbury,2016,Campylobacteriosis,"National Case rate per 100,000",158.944485824
Canterbury,2015,Campylobacteriosis,"National Case rate per 100,000",135.371584986
Canterbury,2014,Campylobacteriosis,"National Case rate per 100,000",150.461211756
Canterbury,2013,Campylobacteriosis,"National Case rate per 100,000",152.959761314
Canterbury,2012,Campylobacteriosis,"National Case rate per 100,000",158.379294029
Canterbury,2011,Campylobacteriosis,"National Case rate per 100,000",151.865152104
Canterbury,2010,Campylobacteriosis,"National Case rate per 100,000",168.261979275
Canterbury,2009,Campylobacteriosis,"National Case rate per 100,000",166.410917409
Canterbury,2008,Campylobacteriosis,"National Case rate per 100,000",156.889546384
Canterbury,2007,Campylobacteriosis,"National Case rate per 100,000",302.337973063
Canterbury,2006,Campylobacteriosis,"National Case rate per 100,000",379.616963064
Canterbury,2017,Campylobacteriosis,National Case count,6482
Canterbury,2016,Campylobacteriosis,National Case count,7456
Canterbury,2015,Campylobacteriosis,National Case count,6218
Canterbury,2014,Campylobacteriosis,National Case count,6782
Canterbury,2013,Campylobacteriosis,National Case count,6837
Canterbury,2012,Campylobacteriosis,National Case count,7016
Canterbury,2011,Campylobacteriosis,National Case count,6686
Canterbury,2010,Campylobacteriosis,National Case count,7346
Canterbury,2009,Campylobacteriosis,National Case count,7177
Canterbury,2008,Campylobacteriosis,National Case count,6694
Canterbury,2007,Campylobacteriosis,National Case count,12778
Canterbury,2006,Campylobacteriosis,National Case count,15873
Canterbury,2017,Campylobacteriosis,"Case rate per 100,000",157.1
Canterbury,2016,Campylobacteriosis,"Case rate per 100,000",141
Canterbury,2015,Campylobacteriosis,"Case rate per 100,000",138.4
Canterbury,2014,Campylobacteriosis,"Case rate per 100,000",143.8
Canterbury,2013,Campylobacteriosis,"Case rate per 100,000",158
Canterbury,2012,Campylobacteriosis,"Case rate per 100,000",223.6
Canterbury,2011,Campylobacteriosis,"Case rate per 100,000",174.7
Canterbury,2010,Campylobacteriosis,"Case rate per 100,000",183.3
Canterbury,2009,Campylobacteriosis,"Case rate per 100,000",108.6
Canterbury,2008,Campylobacteriosis,"Case rate per 100,000",133.3
Canterbury,2007,Campylobacteriosis,"Case rate per 100,000",357.8
Canterbury,2006,Campylobacteriosis,"Case rate per 100,000",393.9
Canterbury,2017,Campylobacteriosis,Case count,864
Canterbury,2016,Campylobacteriosis,Case count,760
Canterbury,2015,Campylobacteriosis,Case count,728
Canterbury,2014,Campylobacteriosis,Case count,739
Canterbury,2013,Campylobacteriosis,Case count,802
Canterbury,2012,Campylobacteriosis,Case count,1119
Canterbury,2011,Campylobacteriosis,Case count,878
Canterbury,2010,Campylobacteriosis,Case count,931
Canterbury,2009,Campylobacteriosis,Case count,545
Canterbury,2008,Campylobacteriosis,Case count,661
Canterbury,2007,Campylobacteriosis,Case count,1754
Canterbury,2006,Campylobacteriosis,Case count,1904
Capital&Coast,2017,Campylobacteriosis,"National Case rate per 100,000",135.267535270
Capital&Coast,2016,Campylobacteriosis,"National Case rate per 100,000",158.944485824
Capital&Coast,2015,Campylobacteriosis,"National Case rate per 100,000",135.371584986
Capital&Coast,2014,Campylobacteriosis,"National Case rate per 100,000",150.461211756
Capital&Coast,2013,Campylobacteriosis,"National Case rate per 100,000",152.959761314
Capital&Coast,2012,Campylobacteriosis,"National Case rate per 100,000",158.379294029
Capital&Coast,2011,Campylobacteriosis,"National Case rate per 100,000",151.865152104
Capital&Coast,2010,Campylobacteriosis,"National Case rate per 100,000",168.261979275
Capital&Coast,2009,Campylobacteriosis,"National Case rate per 100,000",166.410917409
Capital&Coast,2008,Campylobacteriosis,"National Case rate per 100,000",156.889546384
Capital&Coast,2007,Campylobacteriosis,"National Case rate per 100,000",302.337973063
Capital&Coast,2006,Campylobacteriosis,"National Case rate per 100,000",379.616963064
Capital&Coast,2017,Campylobacteriosis,National Case count,6482
Capital&Coast,2016,Campylobacteriosis,National Case count,7456
Capital&Coast,2015,Campylobacteriosis,National Case count,6218
Capital&Coast,2014,Campylobacteriosis,National Case count,6782
Capital&Coast,2013,Campylobacteriosis,National Case count,6837
Capital&Coast,2012,Campylobacteriosis,National Case count,7016
Capital&Coast,2011,Campylobacteriosis,National Case count,6686
Capital&Coast,2010,Campylobacteriosis,National Case count,7346
Capital&Coast,2009,Campylobacteriosis,National Case count,7177
Capital&Coast,2008,Campylobacteriosis,National Case count,6694
Capital&Coast,2007,Campylobacteriosis,National Case count,12778
Capital&Coast,2006,Campylobacteriosis,National Case count,15873
Capital&Coast,2017,Campylobacteriosis,"Case rate per 100,000",110.9
Capital&Coast,2016,Campylobacteriosis,"Case rate per 100,000",134.7
Capital&Coast,2015,Campylobacteriosis,"Case rate per 100,000",128.5
Capital&Coast,2014,Campylobacteriosis,"Case rate per 100,000",184.2
Capital&Coast,2013,Campylobacteriosis,"Case rate per 100,000",146.7
Capital&Coast,2012,Campylobacteriosis,"Case rate per 100,000",144.8
Capital&Coast,2011,Campylobacteriosis,"Case rate per 100,000",179.6
Capital&Coast,2010,Campylobacteriosis,"Case rate per 100,000",203.3
Capital&Coast,2009,Campylobacteriosis,"Case rate per 100,000",240.7
Capital&Coast,2008,Campylobacteriosis,"Case rate per 100,000",204.1
Capital&Coast,2007,Campylobacteriosis,"Case rate per 100,000",352
Capital&Coast,2006,Campylobacteriosis,"Case rate per 100,000",510.8
Capital&Coast,2017,Campylobacteriosis,Case count,347
Capital&Coast,2016,Campylobacteriosis,Case count,413
Capital&Coast,2015,Campylobacteriosis,Case count,387
Capital&Coast,2014,Campylobacteriosis,Case count,546
Capital&Coast,2013,Campylobacteriosis,Case count,440
Capital&Coast,2012,Campylobacteriosis,Case count,430
Capital&Coast,2011,Campylobacteriosis,Case count,529
Capital&Coast,2010,Campylobacteriosis,Case count,592
Capital&Coast,2009,Campylobacteriosis,Case count,692
Capital&Coast,2008,Campylobacteriosis,Case count,580
Capital&Coast,2007,Campylobacteriosis,Case count,990
Capital&Coast,2006,Campylobacteriosis,Case count,1419
Counties Manukau,2017,Campylobacteriosis,"National Case rate per 100,000",135.267535270
Counties Manukau,2016,Campylobacteriosis,"National Case rate per 100,000",158.944485824
Counties Manukau,2015,Campylobacteriosis,"National Case rate per 100,000",135.371584986
Counties Manukau,2014,Campylobacteriosis,"National Case rate per 100,000",150.461211756
Counties Manukau,2013,Campylobacteriosis,"National Case rate per 100,000",152.959761314
Counties Manukau,2012,Campylobacteriosis,"National Case rate per 100,000",158.379294029
Counties Manukau,2011,Campylobacteriosis,"National Case rate per 100,000",151.865152104
Counties Manukau,2010,Campylobacteriosis,"National Case rate per 100,000",168.261979275
Counties Manukau,2009,Campylobacteriosis,"National Case rate per 100,000",166.410917409
Counties Manukau,2008,Campylobacteriosis,"National Case rate per 100,000",156.889546384
Counties Manukau,2007,Campylobacteriosis,"National Case rate per 100,000",302.337973063
Counties Manukau,2006,Campylobacteriosis,"National Case rate per 100,000",379.616963064
Counties Manukau,2017,Campylobacteriosis,National Case count,6482
Counties Manukau,2016,Campylobacteriosis,National Case count,7456
Counties Manukau,2015,Campylobacteriosis,National Case count,6218
Counties Manukau,2014,Campylobacteriosis,National Case count,6782
Counties Manukau,2013,Campylobacteriosis,National Case count,6837
Counties Manukau,2012,Campylobacteriosis,National Case count,7016
Counties Manukau,2011,Campylobacteriosis,National Case count,6686
Counties Manukau,2010,Campylobacteriosis,National Case count,7346
Counties Manukau,2009,Campylobacteriosis,National Case count,7177
Counties Manukau,2008,Campylobacteriosis,National Case count,6694
Counties Manukau,2007,Campylobacteriosis,National Case count,12778
Counties Manukau,2006,Campylobacteriosis,National Case count,15873
Counties Manukau,2017,Campylobacteriosis,"Case rate per 100,000",85.4
Counties Manukau,2016,Campylobacteriosis,"Case rate per 100,000",94.8
Counties Manukau,2015,Campylobacteriosis,"Case rate per 100,000",93.6
Counties Manukau,2014,Campylobacteriosis,"Case rate per 100,000",101.5
Counties Manukau,2013,Campylobacteriosis,"Case rate per 100,000",103.9
Counties Manukau,2012,Campylobacteriosis,"Case rate per 100,000",94.5
Counties Manukau,2011,Campylobacteriosis,"Case rate per 100,000",100.4
Counties Manukau,2010,Campylobacteriosis,"Case rate per 100,000",108.9
Counties Manukau,2009,Campylobacteriosis,"Case rate per 100,000",142.2
Counties Manukau,2008,Campylobacteriosis,"Case rate per 100,000",131.9
Counties Manukau,2007,Campylobacteriosis,"Case rate per 100,000",241
Counties Manukau,2006,Campylobacteriosis,"Case rate per 100,000",340.5
Counties Manukau,2017,Campylobacteriosis,Case count,467
Counties Manukau,2016,Campylobacteriosis,Case count,506
Counties Manukau,2015,Campylobacteriosis,Case count,488
Counties Manukau,2014,Campylobacteriosis,Case count,517
Counties Manukau,2013,Campylobacteriosis,Case count,536
Counties Manukau,2012,Campylobacteriosis,Case count,480
Counties Manukau,2011,Campylobacteriosis,Case count,502
Counties Manukau,2010,Campylobacteriosis,Case count,534
Counties Manukau,2009,Campylobacteriosis,Case count,685
Counties Manukau,2008,Campylobacteriosis,Case count,625
Counties Manukau,2007,Campylobacteriosis,Case count,1119
Counties Manukau,2006,Campylobacteriosis,Case count,1548
Hawke's Bay,2017,Campylobacteriosis,"National Case rate per 100,000",135.267535270
Hawke's Bay,2016,Campylobacteriosis,"National Case rate per 100,000",158.944485824
Hawke's Bay,2015,Campylobacteriosis,"National Case rate per 100,000",135.371584986
Hawke's Bay,2014,Campylobacteriosis,"National Case rate per 100,000",150.461211756
Hawke's Bay,2013,Campylobacteriosis,"National Case rate per 100,000",152.959761314
Hawke's Bay,2012,Campylobacteriosis,"National Case rate per 100,000",158.379294029
Hawke's Bay,2011,Campylobacteriosis,"National Case rate per 100,000",151.865152104
Hawke's Bay,2010,Campylobacteriosis,"National Case rate per 100,000",168.261979275
Hawke's Bay,2009,Campylobacteriosis,"National Case rate per 100,000",166.410917409
Hawke's Bay,2008,Campylobacteriosis,"National Case rate per 100,000",156.889546384
Hawke's Bay,2007,Campylobacteriosis,"National Case rate per 100,000",302.337973063
Hawke's Bay,2006,Campylobacteriosis,"National Case rate per 100,000",379.616963064
Hawke's Bay,2017,Campylobacteriosis,National Case count,6482
Hawke's Bay,2016,Campylobacteriosis,National Case count,7456
Hawke's Bay,2015,Campylobacteriosis,National Case count,6218
Hawke's Bay,2014,Campylobacteriosis,National Case count,6782
Hawke's Bay,2013,Campylobacteriosis,National Case count,6837
Hawke's Bay,2012,Campylobacteriosis,National Case count,7016
Hawke's Bay,2011,Campylobacteriosis,National Case count,6686
Hawke's Bay,2010,Campylobacteriosis,National Case count,7346
Hawke's Bay,2009,Campylobacteriosis,National Case count,7177
Hawke's Bay,2008,Campylobacteriosis,National Case count,6694
Hawke's Bay,2007,Campylobacteriosis,National Case count,12778
Hawke's Bay,2006,Campylobacteriosis,National Case count,15873
Hawke's Bay,2017,Campylobacteriosis,"Case rate per 100,000",164.1
Hawke's Bay,2016,Campylobacteriosis,"Case rate per 100,000",825.4
Hawke's Bay,2015,Campylobacteriosis,"Case rate per 100,000",153.7
Hawke's Bay,2014,Campylobacteriosis,"Case rate per 100,000",183.3
Hawke's Bay,2013,Campylobacteriosis,"Case rate per 100,000",216.3
Hawke's Bay,2012,Campylobacteriosis,"Case rate per 100,000",191.9
Hawke's Bay,2011,Campylobacteriosis,"Case rate per 100,000",209.5
Hawke's Bay,2010,Campylobacteriosis,"Case rate per 100,000",205
Hawke's Bay,2009,Campylobacteriosis,"Case rate per 100,000",219.2
Hawke's Bay,2008,Campylobacteriosis,"Case rate per 100,000",200
Hawke's Bay,2007,Campylobacteriosis,"Case rate per 100,000",302.2
Hawke's Bay,2006,Campylobacteriosis,"Case rate per 100,000",341.3
Hawke's Bay,2017,Campylobacteriosis,Case count,270
Hawke's Bay,2016,Campylobacteriosis,Case count,1333
Hawke's Bay,2015,Campylobacteriosis,Case count,246
Hawke's Bay,2014,Campylobacteriosis,Case count,292
Hawke's Bay,2013,Campylobacteriosis,Case count,335
Hawke's Bay,2012,Campylobacteriosis,Case count,297
Hawke's Bay,2011,Campylobacteriosis,Case count,325
Hawke's Bay,2010,Campylobacteriosis,Case count,317
Hawke's Bay,2009,Campylobacteriosis,Case count,336
Hawke's Bay,2008,Campylobacteriosis,Case count,305
Hawke's Bay,2007,Campylobacteriosis,Case count,460
Hawke's Bay,2006,Campylobacteriosis,Case count,518
Hutt Valley,2017,Campylobacteriosis,"National Case rate per 100,000",135.267535270
Hutt Valley,2016,Campylobacteriosis,"National Case rate per 100,000",158.944485824
Hutt Valley,2015,Campylobacteriosis,"National Case rate per 100,000",135.371584986
Hutt Valley,2014,Campylobacteriosis,"National Case rate per 100,000",150.461211756
Hutt Valley,2013,Campylobacteriosis,"National Case rate per 100,000",152.959761314
Hutt Valley,2012,Campylobacteriosis,"National Case rate per 100,000",158.379294029
Hutt Valley,2011,Campylobacteriosis,"National Case rate per 100,000",151.865152104
Hutt Valley,2010,Campylobacteriosis,"National Case rate per 100,000",168.261979275
Hutt Valley,2009,Campylobacteriosis,"National Case rate per 100,000",166.410917409
Hutt Valley,2008,Campylobacteriosis,"National Case rate per 100,000",156.889546384
Hutt Valley,2007,Campylobacteriosis,"National Case rate per 100,000",302.337973063
Hutt Valley,2006,Campylobacteriosis,"National Case rate per 100,000",379.616963064
Hutt Valley,2017,Campylobacteriosis,National Case count,6482
Hutt Valley,2016,Campylobacteriosis,National Case count,7456
Hutt Valley,2015,Campylobacteriosis,National Case count,6218
Hutt Valley,2014,Campylobacteriosis,National Case count,6782
Hutt Valley,2013,Campylobacteriosis,National Case count,6837
Hutt Valley,2012,Campylobacteriosis,National Case count,7016
Hutt Valley,2011,Campylobacteriosis,National Case count,6686
Hutt Valley,2010,Campylobacteriosis,National Case count,7346
Hutt Valley,2009,Campylobacteriosis,National Case count,7177
Hutt Valley,2008,Campylobacteriosis,National Case count,6694
Hutt Valley,2007,Campylobacteriosis,National Case count,12778
Hutt Valley,2006,Campylobacteriosis,National Case count,15873
Hutt Valley,2017,Campylobacteriosis,"Case rate per 100,000",102.1
Hutt Valley,2016,Campylobacteriosis,"Case rate per 100,000",133.6
Hutt Valley,2015,Campylobacteriosis,"Case rate per 100,000",135.3
Hutt Valley,2014,Campylobacteriosis,"Case rate per 100,000",149.8
Hutt Valley,2013,Campylobacteriosis,"Case rate per 100,000",105.6
Hutt Valley,2012,Campylobacteriosis,"Case rate per 100,000",118.6
Hutt Valley,2011,Campylobacteriosis,"Case rate per 100,000",154.4
Hutt Valley,2010,Campylobacteriosis,"Case rate per 100,000",238.4
Hutt Valley,2009,Campylobacteriosis,"Case rate per 100,000",249.2
Hutt Valley,2008,Campylobacteriosis,"Case rate per 100,000",210
Hutt Valley,2007,Campylobacteriosis,"Case rate per 100,000",307.4
Hutt Valley,2006,Campylobacteriosis,"Case rate per 100,000",430.7
Hutt Valley,2017,Campylobacteriosis,Case count,151
Hutt Valley,2016,Campylobacteriosis,Case count,195
Hutt Valley,2015,Campylobacteriosis,Case count,195
Hutt Valley,2014,Campylobacteriosis,Case count,215
Hutt Valley,2013,Campylobacteriosis,Case count,152
Hutt Valley,2012,Campylobacteriosis,Case count,171
Hutt Valley,2011,Campylobacteriosis,Case count,223
Hutt Valley,2010,Campylobacteriosis,Case count,343
Hutt Valley,2009,Campylobacteriosis,Case count,355
Hutt Valley,2008,Campylobacteriosis,Case count,298
Hutt Valley,2007,Campylobacteriosis,Case count,435
Hutt Valley,2006,Campylobacteriosis,Case count,607
Lakes,2017,Campylobacteriosis,"National Case rate per 100,000",135.267535270
Lakes,2016,Campylobacteriosis,"National Case rate per 100,000",158.944485824
Lakes,2015,Campylobacteriosis,"National Case rate per 100,000",135.371584986
Lakes,2014,Campylobacteriosis,"National Case rate per 100,000",150.461211756
Lakes,2013,Campylobacteriosis,"National Case rate per 100,000",152.959761314
Lakes,2012,Campylobacteriosis,"National Case rate per 100,000",158.379294029
Lakes,2011,Campylobacteriosis,"National Case rate per 100,000",151.865152104
Lakes,2010,Campylobacteriosis,"National Case rate per 100,000",168.261979275
Lakes,2009,Campylobacteriosis,"National Case rate per 100,000",166.410917409
Lakes,2008,Campylobacteriosis,"National Case rate per 100,000",156.889546384
Lakes,2007,Campylobacteriosis,"National Case rate per 100,000",302.337973063
Lakes,2006,Campylobacteriosis,"National Case rate per 100,000",379.616963064
Lakes,2017,Campylobacteriosis,National Case count,6482
Lakes,2016,Campylobacteriosis,National Case count,7456
Lakes,2015,Campylobacteriosis,National Case count,6218
Lakes,2014,Campylobacteriosis,National Case count,6782
Lakes,2013,Campylobacteriosis,National Case count,6837
Lakes,2012,Campylobacteriosis,National Case count,7016
Lakes,2011,Campylobacteriosis,National Case count,6686
Lakes,2010,Campylobacteriosis,National Case count,7346
Lakes,2009,Campylobacteriosis,National Case count,7177
Lakes,2008,Campylobacteriosis,National Case count,6694
Lakes,2007,Campylobacteriosis,National Case count,12778
Lakes,2006,Campylobacteriosis,National Case count,15873
Lakes,2017,Campylobacteriosis,"Case rate per 100,000",145.8
Lakes,2016,Campylobacteriosis,"Case rate per 100,000",122.2
Lakes,2015,Campylobacteriosis,"Case rate per 100,000",155.4
Lakes,2014,Campylobacteriosis,"Case rate per 100,000",167.4
Lakes,2013,Campylobacteriosis,"Case rate per 100,000",172.7
Lakes,2012,Campylobacteriosis,"Case rate per 100,000",159.1
Lakes,2011,Campylobacteriosis,"Case rate per 100,000",134
Lakes,2010,Campylobacteriosis,"Case rate per 100,000",175.8
Lakes,2009,Campylobacteriosis,"Case rate per 100,000",198.5
Lakes,2008,Campylobacteriosis,"Case rate per 100,000",149.8
Lakes,2007,Campylobacteriosis,"Case rate per 100,000",280.4
Lakes,2006,Campylobacteriosis,"Case rate per 100,000",398.7
Lakes,2017,Campylobacteriosis,Case count,158
Lakes,2016,Campylobacteriosis,Case count,130
Lakes,2015,Campylobacteriosis,Case count,163
Lakes,2014,Campylobacteriosis,Case count,173
Lakes,2013,Campylobacteriosis,Case count,180
Lakes,2012,Campylobacteriosis,Case count,166
Lakes,2011,Campylobacteriosis,Case count,140
Lakes,2010,Campylobacteriosis,Case count,183
Lakes,2009,Campylobacteriosis,Case count,205
Lakes,2008,Campylobacteriosis,Case count,154
Lakes,2007,Campylobacteriosis,Case count,288
Lakes,2006,Campylobacteriosis,Case count,410
MidCentral,2017,Campylobacteriosis,"National Case rate per 100,000",135.267535270
MidCentral,2016,Campylobacteriosis,"National Case rate per 100,000",158.944485824
MidCentral,2015,Campylobacteriosis,"National Case rate per 100,000",135.371584986
MidCentral,2014,Campylobacteriosis,"National Case rate per 100,000",150.461211756
MidCentral,2013,Campylobacteriosis,"National Case rate per 100,000",152.959761314
MidCentral,2012,Campylobacteriosis,"National Case rate per 100,000",158.379294029
MidCentral,2011,Campylobacteriosis,"National Case rate per 100,000",151.865152104
MidCentral,2010,Campylobacteriosis,"National Case rate per 100,000",168.261979275
MidCentral,2009,Campylobacteriosis,"National Case rate per 100,000",166.410917409
MidCentral,2008,Campylobacteriosis,"National Case rate per 100,000",156.889546384
MidCentral,2007,Campylobacteriosis,"National Case rate per 100,000",302.337973063
MidCentral,2006,Campylobacteriosis,"National Case rate per 100,000",379.616963064
MidCentral,2017,Campylobacteriosis,National Case count,6482
MidCentral,2016,Campylobacteriosis,National Case count,7456
MidCentral,2015,Campylobacteriosis,National Case count,6218
MidCentral,2014,Campylobacteriosis,National Case count,6782
MidCentral,2013,Campylobacteriosis,National Case count,6837
MidCentral,2012,Campylobacteriosis,National Case count,7016
MidCentral,2011,Campylobacteriosis,National Case count,6686
MidCentral,2010,Campylobacteriosis,National Case count,7346
MidCentral,2009,Campylobacteriosis,National Case count,7177
MidCentral,2008,Campylobacteriosis,National Case count,6694
MidCentral,2007,Campylobacteriosis,National Case count,12778
MidCentral,2006,Campylobacteriosis,National Case count,15873
MidCentral,2017,Campylobacteriosis,"Case rate per 100,000",152.8
MidCentral,2016,Campylobacteriosis,"Case rate per 100,000",168.6
MidCentral,2015,Campylobacteriosis,"Case rate per 100,000",113.9
MidCentral,2014,Campylobacteriosis,"Case rate per 100,000",152.1
MidCentral,2013,Campylobacteriosis,"Case rate per 100,000",167.8
MidCentral,2012,Campylobacteriosis,"Case rate per 100,000",117.6
MidCentral,2011,Campylobacteriosis,"Case rate per 100,000",141.8
MidCentral,2010,Campylobacteriosis,"Case rate per 100,000",148.2
MidCentral,2009,Campylobacteriosis,"Case rate per 100,000",142.4
MidCentral,2008,Campylobacteriosis,"Case rate per 100,000",119
MidCentral,2007,Campylobacteriosis,"Case rate per 100,000",202.2
MidCentral,2006,Campylobacteriosis,"Case rate per 100,000",222
MidCentral,2017,Campylobacteriosis,Case count,270
MidCentral,2016,Campylobacteriosis,Case count,294
MidCentral,2015,Campylobacteriosis,Case count,196
MidCentral,2014,Campylobacteriosis,Case count,259
MidCentral,2013,Campylobacteriosis,Case count,285
MidCentral,2012,Campylobacteriosis,Case count,199
MidCentral,2011,Campylobacteriosis,Case count,239
MidCentral,2010,Campylobacteriosis,Case count,248
MidCentral,2009,Campylobacteriosis,Case count,236
MidCentral,2008,Campylobacteriosis,Case count,196
MidCentral,2007,Campylobacteriosis,Case count,332
MidCentral,2006,Campylobacteriosis,Case count,364
Nelson Marlborough,2017,Campylobacteriosis,"National Case rate per 100,000",135.267535270
Nelson Marlborough,2016,Campylobacteriosis,"National Case rate per 100,000",158.944485824
Nelson Marlborough,2015,Campylobacteriosis,"National Case rate per 100,000",135.371584986
Nelson Marlborough,2014,Campylobacteriosis,"National Case rate per 100,000",150.461211756
Nelson Marlborough,2013,Campylobacteriosis,"National Case rate per 100,000",152.959761314
Nelson Marlborough,2012,Campylobacteriosis,"National Case rate per 100,000",158.379294029
Nelson Marlborough,2011,Campylobacteriosis,"National Case rate per 100,000",151.865152104
Nelson Marlborough,2010,Campylobacteriosis,"National Case rate per 100,000",168.261979275
Nelson Marlborough,2009,Campylobacteriosis,"National Case rate per 100,000",166.410917409
Nelson Marlborough,2008,Campylobacteriosis,"National Case rate per 100,000",156.889546384
Nelson Marlborough,2007,Campylobacteriosis,"National Case rate per 100,000",302.337973063
Nelson Marlborough,2006,Campylobacteriosis,"National Case rate per 100,000",379.616963064
Nelson Marlborough,2017,Campylobacteriosis,National Case count,6482
Nelson Marlborough,2016,Campylobacteriosis,National Case count,7456
Nelson Marlborough,2015,Campylobacteriosis,National Case count,6218
Nelson Marlborough,2014,Campylobacteriosis,National Case count,6782
Nelson Marlborough,2013,Campylobacteriosis,National Case count,6837
Nelson Marlborough,2012,Campylobacteriosis,National Case count,7016
Nelson Marlborough,2011,Campylobacteriosis,National Case count,6686
Nelson Marlborough,2010,Campylobacteriosis,National Case count,7346
Nelson Marlborough,2009,Campylobacteriosis,National Case count,7177
Nelson Marlborough,2008,Campylobacteriosis,National Case count,6694
Nelson Marlborough,2007,Campylobacteriosis,National Case count,12778
Nelson Marlborough,2006,Campylobacteriosis,National Case count,15873
Nelson Marlborough,2017,Campylobacteriosis,"Case rate per 100,000",142.3
Nelson Marlborough,2016,Campylobacteriosis,"Case rate per 100,000",118.3
Nelson Marlborough,2015,Campylobacteriosis,"Case rate per 100,000",150
Nelson Marlborough,2014,Campylobacteriosis,"Case rate per 100,000",135.7
Nelson Marlborough,2013,Campylobacteriosis,"Case rate per 100,000",133.2
Nelson Marlborough,2012,Campylobacteriosis,"Case rate per 100,000",215.6
Nelson Marlborough,2011,Campylobacteriosis,"Case rate per 100,000",142.3
Nelson Marlborough,2010,Campylobacteriosis,"Case rate per 100,000",170
Nelson Marlborough,2009,Campylobacteriosis,"Case rate per 100,000",126.4
Nelson Marlborough,2008,Campylobacteriosis,"Case rate per 100,000",145.9
Nelson Marlborough,2007,Campylobacteriosis,"Case rate per 100,000",304.4
Nelson Marlborough,2006,Campylobacteriosis,"Case rate per 100,000",268.9
Nelson Marlborough,2017,Campylobacteriosis,Case count,212
Nelson Marlborough,2016,Campylobacteriosis,Case count,173
Nelson Marlborough,2015,Campylobacteriosis,Case count,217
Nelson Marlborough,2014,Campylobacteriosis,Case count,194
Nelson Marlborough,2013,Campylobacteriosis,Case count,188
Nelson Marlborough,2012,Campylobacteriosis,Case count,303
Nelson Marlborough,2011,Campylobacteriosis,Case count,199
Nelson Marlborough,2010,Campylobacteriosis,Case count,235
Nelson Marlborough,2009,Campylobacteriosis,Case count,173
Nelson Marlborough,2008,Campylobacteriosis,Case count,198
Nelson Marlborough,2007,Campylobacteriosis,Case count,409
Nelson Marlborough,2006,Campylobacteriosis,Case count,359
Northland,2017,Campylobacteriosis,"National Case rate per 100,000",135.267535270
Northland,2016,Campylobacteriosis,"National Case rate per 100,000",158.944485824
Northland,2015,Campylobacteriosis,"National Case rate per 100,000",135.371584986
Northland,2014,Campylobacteriosis,"National Case rate per 100,000",150.461211756
Northland,2013,Campylobacteriosis,"National Case rate per 100,000",152.959761314
Northland,2012,Campylobacteriosis,"National Case rate per 100,000",158.379294029
Northland,2011,Campylobacteriosis,"National Case rate per 100,000",151.865152104
Northland,2010,Campylobacteriosis,"National Case rate per 100,000",168.261979275
Northland,2009,Campylobacteriosis,"National Case rate per 100,000",166.410917409
Northland,2008,Campylobacteriosis,"National Case rate per 100,000",156.889546384
Northland,2007,Campylobacteriosis,"National Case rate per 100,000",302.337973063
Northland,2006,Campylobacteriosis,"National Case rate per 100,000",379.616963064
Northland,2017,Campylobacteriosis,National Case count,6482
Northland,2016,Campylobacteriosis,National Case count,7456
Northland,2015,Campylobacteriosis,National Case count,6218
Northland,2014,Campylobacteriosis,National Case count,6782
Northland,2013,Campylobacteriosis,National Case count,6837
Northland,2012,Campylobacteriosis,National Case count,7016
Northland,2011,Campylobacteriosis,National Case count,6686
Northland,2010,Campylobacteriosis,National Case count,7346
Northland,2009,Campylobacteriosis,National Case count,7177
Northland,2008,Campylobacteriosis,National Case count,6694
Northland,2007,Campylobacteriosis,National Case count,12778
Northland,2006,Campylobacteriosis,National Case count,15873
Northland,2017,Campylobacteriosis,"Case rate per 100,000",144.4
Northland,2016,Campylobacteriosis,"Case rate per 100,000",168.8
Northland,2015,Campylobacteriosis,"Case rate per 100,000",151
Northland,2014,Campylobacteriosis,"Case rate per 100,000",149.4
Northland,2013,Campylobacteriosis,"Case rate per 100,000",139.3
Northland,2012,Campylobacteriosis,"Case rate per 100,000",144.9
Northland,2011,Campylobacteriosis,"Case rate per 100,000",142.3
Northland,2010,Campylobacteriosis,"Case rate per 100,000",116.4
Northland,2009,Campylobacteriosis,"Case rate per 100,000",133.6
Northland,2008,Campylobacteriosis,"Case rate per 100,000",160.9
Northland,2007,Campylobacteriosis,"Case rate per 100,000",240.1
Northland,2006,Campylobacteriosis,"Case rate per 100,000",245.7
Northland,2017,Campylobacteriosis,Case count,253
Northland,2016,Campylobacteriosis,Case count,289
Northland,2015,Campylobacteriosis,Case count,254
Northland,2014,Campylobacteriosis,Case count,248
Northland,2013,Campylobacteriosis,Case count,221
Northland,2012,Campylobacteriosis,Case count,229
Northland,2011,Campylobacteriosis,Case count,225
Northland,2010,Campylobacteriosis,Case count,183
Northland,2009,Campylobacteriosis,Case count,208
Northland,2008,Campylobacteriosis,Case count,249
Northland,2007,Campylobacteriosis,Case count,369
Northland,2006,Campylobacteriosis,Case count,374
South Canterbury,2017,Campylobacteriosis,"National Case rate per 100,000",135.267535270
South Canterbury,2016,Campylobacteriosis,"National Case rate per 100,000",158.944485824
South Canterbury,2015,Campylobacteriosis,"National Case rate per 100,000",135.371584986
South Canterbury,2014,Campylobacteriosis,"National Case rate per 100,000",150.461211756
South Canterbury,2013,Campylobacteriosis,"National Case rate per 100,000",152.959761314
South Canterbury,2012,Campylobacteriosis,"National Case rate per 100,000",158.379294029
South Canterbury,2011,Campylobacteriosis,"National Case rate per 100,000",151.865152104
South Canterbury,2010,Campylobacteriosis,"National Case rate per 100,000",168.261979275
South Canterbury,2009,Campylobacteriosis,"National Case rate per 100,000",166.410917409
South Canterbury,2008,Campylobacteriosis,"National Case rate per 100,000",156.889546384
South Canterbury,2007,Campylobacteriosis,"National Case rate per 100,000",302.337973063
South Canterbury,2006,Campylobacteriosis,"National Case rate per 100,000",379.616963064
South Canterbury,2017,Campylobacteriosis,National Case count,6482
South Canterbury,2016,Campylobacteriosis,National Case count,7456
South Canterbury,2015,Campylobacteriosis,National Case count,6218
South Canterbury,2014,Campylobacteriosis,National Case count,6782
South Canterbury,2013,Campylobacteriosis,National Case count,6837
South Canterbury,2012,Campylobacteriosis,National Case count,7016
South Canterbury,2011,Campylobacteriosis,National Case count,6686
South Canterbury,2010,Campylobacteriosis,National Case count,7346
South Canterbury,2009,Campylobacteriosis,National Case count,7177
South Canterbury,2008,Campylobacteriosis,National Case count,6694
South Canterbury,2007,Campylobacteriosis,National Case count,12778
South Canterbury,2006,Campylobacteriosis,National Case count,15873
South Canterbury,2017,Campylobacteriosis,"Case rate per 100,000",247
South Canterbury,2016,Campylobacteriosis,"Case rate per 100,000",253.5
South Canterbury,2015,Campylobacteriosis,"Case rate per 100,000",215.2
South Canterbury,2014,Campylobacteriosis,"Case rate per 100,000",266.8
South Canterbury,2013,Campylobacteriosis,"Case rate per 100,000",292.5
South Canterbury,2012,Campylobacteriosis,"Case rate per 100,000",314
South Canterbury,2011,Campylobacteriosis,"Case rate per 100,000",222.7
South Canterbury,2010,Campylobacteriosis,"Case rate per 100,000",217.3
South Canterbury,2009,Campylobacteriosis,"Case rate per 100,000",184.8
South Canterbury,2008,Campylobacteriosis,"Case rate per 100,000",261.3
South Canterbury,2007,Campylobacteriosis,"Case rate per 100,000",395.9
South Canterbury,2006,Campylobacteriosis,"Case rate per 100,000",515
South Canterbury,2017,Campylobacteriosis,Case count,147
South Canterbury,2016,Campylobacteriosis,Case count,150
South Canterbury,2015,Campylobacteriosis,Case count,126
South Canterbury,2014,Campylobacteriosis,Case count,155
South Canterbury,2013,Campylobacteriosis,Case count,167
South Canterbury,2012,Campylobacteriosis,Case count,178
South Canterbury,2011,Campylobacteriosis,Case count,126
South Canterbury,2010,Campylobacteriosis,Case count,122
South Canterbury,2009,Campylobacteriosis,Case count,103
South Canterbury,2008,Campylobacteriosis,Case count,145
South Canterbury,2007,Campylobacteriosis,Case count,220
South Canterbury,2006,Campylobacteriosis,Case count,285
Southern,2017,Campylobacteriosis,"National Case rate per 100,000",135.267535270
Southern,2016,Campylobacteriosis,"National Case rate per 100,000",158.944485824
Southern,2015,Campylobacteriosis,"National Case rate per 100,000",135.371584986
Southern,2014,Campylobacteriosis,"National Case rate per 100,000",150.461211756
Southern,2013,Campylobacteriosis,"National Case rate per 100,000",152.959761314
Southern,2012,Campylobacteriosis,"National Case rate per 100,000",158.379294029
Southern,2011,Campylobacteriosis,"National Case rate per 100,000",151.865152104
Southern,2010,Campylobacteriosis,"National Case rate per 100,000",168.261979275
Southern,2009,Campylobacteriosis,"National Case rate per 100,000",166.410917409
Southern,2008,Campylobacteriosis,"National Case rate per 100,000",156.889546384
Southern,2007,Campylobacteriosis,"National Case rate per 100,000",302.337973063
Southern,2006,Campylobacteriosis,"National Case rate per 100,000",379.616963064
Southern,2017,Campylobacteriosis,National Case count,6482
Southern,2016,Campylobacteriosis,National Case count,7456
Southern,2015,Campylobacteriosis,National Case count,6218
Southern,2014,Campylobacteriosis,National Case count,6782
Southern,2013,Campylobacteriosis,National Case count,6837
Southern,2012,Campylobacteriosis,National Case count,7016
Southern,2011,Campylobacteriosis,National Case count,6686
Southern,2010,Campylobacteriosis,National Case count,7346
Southern,2009,Campylobacteriosis,National Case count,7177
Southern,2008,Campylobacteriosis,National Case count,6694
Southern,2007,Campylobacteriosis,National Case count,12778
Southern,2006,Campylobacteriosis,National Case count,15873
Southern,2017,Campylobacteriosis,"Case rate per 100,000",229.4
Southern,2016,Campylobacteriosis,"Case rate per 100,000",177.9
Southern,2015,Campylobacteriosis,"Case rate per 100,000",163.1
Southern,2014,Campylobacteriosis,"Case rate per 100,000",180.6
Southern,2013,Campylobacteriosis,"Case rate per 100,000",181.6
Southern,2012,Campylobacteriosis,"Case rate per 100,000",220.6
Southern,2011,Campylobacteriosis,"Case rate per 100,000",183.4
Southern,2010,Campylobacteriosis,"Case rate per 100,000",204.4
Southern,2009,Campylobacteriosis,"Case rate per 100,000",139.3
Southern,2008,Campylobacteriosis,"Case rate per 100,000",146.5
Southern,2007,Campylobacteriosis,"Case rate per 100,000",319.4
Southern,2006,Campylobacteriosis,"Case rate per 100,000",393.8
Southern,2017,Campylobacteriosis,Case count,744
Southern,2016,Campylobacteriosis,Case count,567
Southern,2015,Campylobacteriosis,Case count,512
Southern,2014,Campylobacteriosis,Case count,559
Southern,2013,Campylobacteriosis,Case count,562
Southern,2012,Campylobacteriosis,Case count,678
Southern,2011,Campylobacteriosis,Case count,561
Southern,2010,Campylobacteriosis,Case count,619
Southern,2009,Campylobacteriosis,Case count,418
Southern,2008,Campylobacteriosis,Case count,436
Southern,2007,Campylobacteriosis,Case count,945
Southern,2006,Campylobacteriosis,Case count,1157
Tairawhiti,2017,Campylobacteriosis,"National Case rate per 100,000",135.267535270
Tairawhiti,2016,Campylobacteriosis,"National Case rate per 100,000",158.944485824
Tairawhiti,2015,Campylobacteriosis,"National Case rate per 100,000",135.371584986
Tairawhiti,2014,Campylobacteriosis,"National Case rate per 100,000",150.461211756
Tairawhiti,2013,Campylobacteriosis,"National Case rate per 100,000",152.959761314
Tairawhiti,2012,Campylobacteriosis,"National Case rate per 100,000",158.379294029
Tairawhiti,2011,Campylobacteriosis,"National Case rate per 100,000",151.865152104
Tairawhiti,2010,Campylobacteriosis,"National Case rate per 100,000",168.261979275
Tairawhiti,2009,Campylobacteriosis,"National Case rate per 100,000",166.410917409
Tairawhiti,2008,Campylobacteriosis,"National Case rate per 100,000",156.889546384
Tairawhiti,2007,Campylobacteriosis,"National Case rate per 100,000",302.337973063
Tairawhiti,2006,Campylobacteriosis,"National Case rate per 100,000",379.616963064
Tairawhiti,2017,Campylobacteriosis,National Case count,6482
Tairawhiti,2016,Campylobacteriosis,National Case count,7456
Tairawhiti,2015,Campylobacteriosis,National Case count,6218
Tairawhiti,2014,Campylobacteriosis,National Case count,6782
Tairawhiti,2013,Campylobacteriosis,National Case count,6837
Tairawhiti,2012,Campylobacteriosis,National Case count,7016
Tairawhiti,2011,Campylobacteriosis,National Case count,6686
Tairawhiti,2010,Campylobacteriosis,National Case count,7346
Tairawhiti,2009,Campylobacteriosis,National Case count,7177
Tairawhiti,2008,Campylobacteriosis,National Case count,6694
Tairawhiti,2007,Campylobacteriosis,National Case count,12778
Tairawhiti,2006,Campylobacteriosis,National Case count,15873
Tairawhiti,2017,Campylobacteriosis,"Case rate per 100,000",109.3
Tairawhiti,2016,Campylobacteriosis,"Case rate per 100,000",154.4
Tairawhiti,2015,Campylobacteriosis,"Case rate per 100,000",103.8
Tairawhiti,2014,Campylobacteriosis,"Case rate per 100,000",155
Tairawhiti,2013,Campylobacteriosis,"Case rate per 100,000",175.3
Tairawhiti,2012,Campylobacteriosis,"Case rate per 100,000",115.3
Tairawhiti,2011,Campylobacteriosis,"Case rate per 100,000",120.2
Tairawhiti,2010,Campylobacteriosis,"Case rate per 100,000",79.8
Tairawhiti,2009,Campylobacteriosis,"Case rate per 100,000",78.1
Tairawhiti,2008,Campylobacteriosis,"Case rate per 100,000",89.4
Tairawhiti,2007,Campylobacteriosis,"Case rate per 100,000",106.4
Tairawhiti,2006,Campylobacteriosis,"Case rate per 100,000",126.3
Tairawhiti,2017,Campylobacteriosis,Case count,53
Tairawhiti,2016,Campylobacteriosis,Case count,74
Tairawhiti,2015,Campylobacteriosis,Case count,49
Tairawhiti,2014,Campylobacteriosis,Case count,73
Tairawhiti,2013,Campylobacteriosis,Case count,82
Tairawhiti,2012,Campylobacteriosis,Case count,54
Tairawhiti,2011,Campylobacteriosis,Case count,56
Tairawhiti,2010,Campylobacteriosis,Case count,37
Tairawhiti,2009,Campylobacteriosis,Case count,36
Tairawhiti,2008,Campylobacteriosis,Case count,41
Tairawhiti,2007,Campylobacteriosis,Case count,49
Tairawhiti,2006,Campylobacteriosis,Case count,58
Taranaki,2017,Campylobacteriosis,"National Case rate per 100,000",135.267535270
Taranaki,2016,Campylobacteriosis,"National Case rate per 100,000",158.944485824
Taranaki,2015,Campylobacteriosis,"National Case rate per 100,000",135.371584986
Taranaki,2014,Campylobacteriosis,"National Case rate per 100,000",150.461211756
Taranaki,2013,Campylobacteriosis,"National Case rate per 100,000",152.959761314
Taranaki,2012,Campylobacteriosis,"National Case rate per 100,000",158.379294029
Taranaki,2011,Campylobacteriosis,"National Case rate per 100,000",151.865152104
Taranaki,2010,Campylobacteriosis,"National Case rate per 100,000",168.261979275
Taranaki,2009,Campylobacteriosis,"National Case rate per 100,000",166.410917409
Taranaki,2008,Campylobacteriosis,"National Case rate per 100,000",156.889546384
Taranaki,2007,Campylobacteriosis,"National Case rate per 100,000",302.337973063
Taranaki,2006,Campylobacteriosis,"National Case rate per 100,000",379.616963064
Taranaki,2017,Campylobacteriosis,National Case count,6482
Taranaki,2016,Campylobacteriosis,National Case count,7456
Taranaki,2015,Campylobacteriosis,National Case count,6218
Taranaki,2014,Campylobacteriosis,National Case count,6782
Taranaki,2013,Campylobacteriosis,National Case count,6837
Taranaki,2012,Campylobacteriosis,National Case count,7016
Taranaki,2011,Campylobacteriosis,National Case count,6686
Taranaki,2010,Campylobacteriosis,National Case count,7346
Taranaki,2009,Campylobacteriosis,National Case count,7177
Taranaki,2008,Campylobacteriosis,National Case count,6694
Taranaki,2007,Campylobacteriosis,National Case count,12778
Taranaki,2006,Campylobacteriosis,National Case count,15873
Taranaki,2017,Campylobacteriosis,"Case rate per 100,000",191.4
Taranaki,2016,Campylobacteriosis,"Case rate per 100,000",202.1
Taranaki,2015,Campylobacteriosis,"Case rate per 100,000",194
Taranaki,2014,Campylobacteriosis,"Case rate per 100,000",147.8
Taranaki,2013,Campylobacteriosis,"Case rate per 100,000",213
Taranaki,2012,Campylobacteriosis,"Case rate per 100,000",199.5
Taranaki,2011,Campylobacteriosis,"Case rate per 100,000",163.1
Taranaki,2010,Campylobacteriosis,"Case rate per 100,000",242.7
Taranaki,2009,Campylobacteriosis,"Case rate per 100,000",215
Taranaki,2008,Campylobacteriosis,"Case rate per 100,000",188.6
Taranaki,2007,Campylobacteriosis,"Case rate per 100,000",382
Taranaki,2006,Campylobacteriosis,"Case rate per 100,000",439.4
Taranaki,2017,Campylobacteriosis,Case count,226
Taranaki,2016,Campylobacteriosis,Case count,236
Taranaki,2015,Campylobacteriosis,Case count,225
Taranaki,2014,Campylobacteriosis,Case count,170
Taranaki,2013,Campylobacteriosis,Case count,236
Taranaki,2012,Campylobacteriosis,Case count,220
Taranaki,2011,Campylobacteriosis,Case count,179
Taranaki,2010,Campylobacteriosis,Case count,265
Taranaki,2009,Campylobacteriosis,Case count,233
Taranaki,2008,Campylobacteriosis,Case count,203
Taranaki,2007,Campylobacteriosis,Case count,410
Taranaki,2006,Campylobacteriosis,Case count,472
Waikato,2017,Campylobacteriosis,"National Case rate per 100,000",135.267535270
Waikato,2016,Campylobacteriosis,"National Case rate per 100,000",158.944485824
Waikato,2015,Campylobacteriosis,"National Case rate per 100,000",135.371584986
Waikato,2014,Campylobacteriosis,"National Case rate per 100,000",150.461211756
Waikato,2013,Campylobacteriosis,"National Case rate per 100,000",152.959761314
Waikato,2012,Campylobacteriosis,"National Case rate per 100,000",158.379294029
Waikato,2011,Campylobacteriosis,"National Case rate per 100,000",151.865152104
Waikato,2010,Campylobacteriosis,"National Case rate per 100,000",168.261979275
Waikato,2009,Campylobacteriosis,"National Case rate per 100,000",166.410917409
Waikato,2008,Campylobacteriosis,"National Case rate per 100,000",156.889546384
Waikato,2007,Campylobacteriosis,"National Case rate per 100,000",302.337973063
Waikato,2006,Campylobacteriosis,"National Case rate per 100,000",379.616963064
Waikato,2017,Campylobacteriosis,National Case count,6482
Waikato,2016,Campylobacteriosis,National Case count,7456
Waikato,2015,Campylobacteriosis,National Case count,6218
Waikato,2014,Campylobacteriosis,National Case count,6782
Waikato,2013,Campylobacteriosis,National Case count,6837
Waikato,2012,Campylobacteriosis,National Case count,7016
Waikato,2011,Campylobacteriosis,National Case count,6686
Waikato,2010,Campylobacteriosis,National Case count,7346
Waikato,2009,Campylobacteriosis,National Case count,7177
Waikato,2008,Campylobacteriosis,National Case count,6694
Waikato,2007,Campylobacteriosis,National Case count,12778
Waikato,2006,Campylobacteriosis,National Case count,15873
Waikato,2017,Campylobacteriosis,"Case rate per 100,000",137.6
Waikato,2016,Campylobacteriosis,"Case rate per 100,000",141.1
Waikato,2015,Campylobacteriosis,"Case rate per 100,000",153.4
Waikato,2014,Campylobacteriosis,"Case rate per 100,000",199.3
Waikato,2013,Campylobacteriosis,"Case rate per 100,000",207.7
Waikato,2012,Campylobacteriosis,"Case rate per 100,000",187.8
Waikato,2011,Campylobacteriosis,"Case rate per 100,000",187
Waikato,2010,Campylobacteriosis,"Case rate per 100,000",186.7
Waikato,2009,Campylobacteriosis,"Case rate per 100,000",183.3
Waikato,2008,Campylobacteriosis,"Case rate per 100,000",161.2
Waikato,2007,Campylobacteriosis,"Case rate per 100,000",305.8
Waikato,2006,Campylobacteriosis,"Case rate per 100,000",349.2
Waikato,2017,Campylobacteriosis,Case count,562
Waikato,2016,Campylobacteriosis,Case count,564
Waikato,2015,Campylobacteriosis,Case count,599
Waikato,2014,Campylobacteriosis,Case count,764
Waikato,2013,Campylobacteriosis,Case count,774
Waikato,2012,Campylobacteriosis,Case count,695
Waikato,2011,Campylobacteriosis,Case count,687
Waikato,2010,Campylobacteriosis,Case count,680
Waikato,2009,Campylobacteriosis,Case count,660
Waikato,2008,Campylobacteriosis,Case count,574
Waikato,2007,Campylobacteriosis,Case count,1080
Waikato,2006,Campylobacteriosis,Case count,1222
Wairarapa,2017,Campylobacteriosis,"National Case rate per 100,000",135.267535270
Wairarapa,2016,Campylobacteriosis,"National Case rate per 100,000",158.944485824
Wairarapa,2015,Campylobacteriosis,"National Case rate per 100,000",135.371584986
Wairarapa,2014,Campylobacteriosis,"National Case rate per 100,000",150.461211756
Wairarapa,2013,Campylobacteriosis,"National Case rate per 100,000",152.959761314
Wairarapa,2012,Campylobacteriosis,"National Case rate per 100,000",158.379294029
Wairarapa,2011,Campylobacteriosis,"National Case rate per 100,000",151.865152104
Wairarapa,2010,Campylobacteriosis,"National Case rate per 100,000",168.261979275
Wairarapa,2009,Campylobacteriosis,"National Case rate per 100,000",166.410917409
Wairarapa,2008,Campylobacteriosis,"National Case rate per 100,000",156.889546384
Wairarapa,2007,Campylobacteriosis,"National Case rate per 100,000",302.337973063
Wairarapa,2006,Campylobacteriosis,"National Case rate per 100,000",379.616963064
Wairarapa,2017,Campylobacteriosis,National Case count,6482
Wairarapa,2016,Campylobacteriosis,National Case count,7456
Wairarapa,2015,Campylobacteriosis,National Case count,6218
Wairarapa,2014,Campylobacteriosis,National Case count,6782
Wairarapa,2013,Campylobacteriosis,National Case count,6837
Wairarapa,2012,Campylobacteriosis,National Case count,7016
Wairarapa,2011,Campylobacteriosis,National Case count,6686
Wairarapa,2010,Campylobacteriosis,National Case count,7346
Wairarapa,2009,Campylobacteriosis,National Case count,7177
Wairarapa,2008,Campylobacteriosis,National Case count,6694
Wairarapa,2007,Campylobacteriosis,National Case count,12778
Wairarapa,2006,Campylobacteriosis,National Case count,15873
Wairarapa,2017,Campylobacteriosis,"Case rate per 100,000",177.6
Wairarapa,2016,Campylobacteriosis,"Case rate per 100,000",167.5
Wairarapa,2015,Campylobacteriosis,"Case rate per 100,000",166.8
Wairarapa,2014,Campylobacteriosis,"Case rate per 100,000",142.7
Wairarapa,2013,Campylobacteriosis,"Case rate per 100,000",167.3
Wairarapa,2012,Campylobacteriosis,"Case rate per 100,000",179.6
Wairarapa,2011,Campylobacteriosis,"Case rate per 100,000",219.4
Wairarapa,2010,Campylobacteriosis,"Case rate per 100,000",181.3
Wairarapa,2009,Campylobacteriosis,"Case rate per 100,000",172.7
Wairarapa,2008,Campylobacteriosis,"Case rate per 100,000",123.5
Wairarapa,2007,Campylobacteriosis,"Case rate per 100,000",174
Wairarapa,2006,Campylobacteriosis,"Case rate per 100,000",224.7
Wairarapa,2017,Campylobacteriosis,Case count,79
Wairarapa,2016,Campylobacteriosis,Case count,73
Wairarapa,2015,Campylobacteriosis,Case count,72
Wairarapa,2014,Campylobacteriosis,Case count,61
Wairarapa,2013,Campylobacteriosis,Case count,68
Wairarapa,2012,Campylobacteriosis,Case count,73
Wairarapa,2011,Campylobacteriosis,Case count,89
Wairarapa,2010,Campylobacteriosis,Case count,73
Wairarapa,2009,Campylobacteriosis,Case count,69
Wairarapa,2008,Campylobacteriosis,Case count,49
Wairarapa,2007,Campylobacteriosis,Case count,69
Wairarapa,2006,Campylobacteriosis,Case count,89
Waitemata,2017,Campylobacteriosis,"National Case rate per 100,000",135.267535270
Waitemata,2016,Campylobacteriosis,"National Case rate per 100,000",158.944485824
Waitemata,2015,Campylobacteriosis,"National Case rate per 100,000",135.371584986
Waitemata,2014,Campylobacteriosis,"National Case rate per 100,000",150.461211756
Waitemata,2013,Campylobacteriosis,"National Case rate per 100,000",152.959761314
Waitemata,2012,Campylobacteriosis,"National Case rate per 100,000",158.379294029
Waitemata,2011,Campylobacteriosis,"National Case rate per 100,000",151.865152104
Waitemata,2010,Campylobacteriosis,"National Case rate per 100,000",168.261979275
Waitemata,2009,Campylobacteriosis,"National Case rate per 100,000",166.410917409
Waitemata,2008,Campylobacteriosis,"National Case rate per 100,000",156.889546384
Waitemata,2007,Campylobacteriosis,"National Case rate per 100,000",302.337973063
Waitemata,2006,Campylobacteriosis,"National Case rate per 100,000",379.616963064
Waitemata,2017,Campylobacteriosis,National Case count,6482
Waitemata,2016,Campylobacteriosis,National Case count,7456
Waitemata,2015,Campylobacteriosis,National Case count,6218
Waitemata,2014,Campylobacteriosis,National Case count,6782
Waitemata,2013,Campylobacteriosis,National Case count,6837
Waitemata,2012,Campylobacteriosis,National Case count,7016
Waitemata,2011,Campylobacteriosis,National Case count,6686
Waitemata,2010,Campylobacteriosis,National Case count,7346
Waitemata,2009,Campylobacteriosis,National Case count,7177
Waitemata,2008,Campylobacteriosis,National Case count,6694
Waitemata,2007,Campylobacteriosis,National Case count,12778
Waitemata,2006,Campylobacteriosis,National Case count,15873
Waitemata,2017,Campylobacteriosis,"Case rate per 100,000",126.4
Waitemata,2016,Campylobacteriosis,"Case rate per 100,000",130.9
Waitemata,2015,Campylobacteriosis,"Case rate per 100,000",142.2
Waitemata,2014,Campylobacteriosis,"Case rate per 100,000",134
Waitemata,2013,Campylobacteriosis,"Case rate per 100,000",137.4
Waitemata,2012,Campylobacteriosis,"Case rate per 100,000",139.5
Waitemata,2011,Campylobacteriosis,"Case rate per 100,000",140
Waitemata,2010,Campylobacteriosis,"Case rate per 100,000",157
Waitemata,2009,Campylobacteriosis,"Case rate per 100,000",173
Waitemata,2008,Campylobacteriosis,"Case rate per 100,000",169.1
Waitemata,2007,Campylobacteriosis,"Case rate per 100,000",331
Waitemata,2006,Campylobacteriosis,"Case rate per 100,000",459.5
Waitemata,2017,Campylobacteriosis,Case count,766
Waitemata,2016,Campylobacteriosis,Case count,773
Waitemata,2015,Campylobacteriosis,Case count,818
Waitemata,2014,Campylobacteriosis,Case count,754
Waitemata,2013,Campylobacteriosis,Case count,772
Waitemata,2012,Campylobacteriosis,Case count,773
Waitemata,2011,Campylobacteriosis,Case count,764
Waitemata,2010,Campylobacteriosis,Case count,843
Waitemata,2009,Campylobacteriosis,Case count,914
Waitemata,2008,Campylobacteriosis,Case count,881
Waitemata,2007,Campylobacteriosis,Case count,1699
Waitemata,2006,Campylobacteriosis,Case count,2319
West Coast,2017,Campylobacteriosis,"National Case rate per 100,000",135.267535270
West Coast,2016,Campylobacteriosis,"National Case rate per 100,000",158.944485824
West Coast,2015,Campylobacteriosis,"National Case rate per 100,000",135.371584986
West Coast,2014,Campylobacteriosis,"National Case rate per 100,000",150.461211756
West Coast,2013,Campylobacteriosis,"National Case rate per 100,000",152.959761314
West Coast,2012,Campylobacteriosis,"National Case rate per 100,000",158.379294029
West Coast,2011,Campylobacteriosis,"National Case rate per 100,000",151.865152104
West Coast,2010,Campylobacteriosis,"National Case rate per 100,000",168.261979275
West Coast,2009,Campylobacteriosis,"National Case rate per 100,000",166.410917409
West Coast,2008,Campylobacteriosis,"National Case rate per 100,000",156.889546384
West Coast,2007,Campylobacteriosis,"National Case rate per 100,000",302.337973063
West Coast,2006,Campylobacteriosis,"National Case rate per 100,000",379.616963064
West Coast,2017,Campylobacteriosis,National Case count,6482
West Coast,2016,Campylobacteriosis,National Case count,7456
West Coast,2015,Campylobacteriosis,National Case count,6218
West Coast,2014,Campylobacteriosis,National Case count,6782
West Coast,2013,Campylobacteriosis,National Case count,6837
West Coast,2012,Campylobacteriosis,National Case count,7016
West Coast,2011,Campylobacteriosis,National Case count,6686
West Coast,2010,Campylobacteriosis,National Case count,7346
West Coast,2009,Campylobacteriosis,National Case count,7177
West Coast,2008,Campylobacteriosis,National Case count,6694
West Coast,2007,Campylobacteriosis,National Case count,12778
West Coast,2006,Campylobacteriosis,National Case count,15873
West Coast,2017,Campylobacteriosis,"Case rate per 100,000",188.4
West Coast,2016,Campylobacteriosis,"Case rate per 100,000",178.3
West Coast,2015,Campylobacteriosis,"Case rate per 100,000",245.9
West Coast,2014,Campylobacteriosis,"Case rate per 100,000",186.8
West Coast,2013,Campylobacteriosis,"Case rate per 100,000",211.6
West Coast,2012,Campylobacteriosis,"Case rate per 100,000",220.8
West Coast,2011,Campylobacteriosis,"Case rate per 100,000",164.9
West Coast,2010,Campylobacteriosis,"Case rate per 100,000",202.9
West Coast,2009,Campylobacteriosis,"Case rate per 100,000",129.2
West Coast,2008,Campylobacteriosis,"Case rate per 100,000",167.9
West Coast,2007,Campylobacteriosis,"Case rate per 100,000",252.3
West Coast,2006,Campylobacteriosis,"Case rate per 100,000",232.7
West Coast,2017,Campylobacteriosis,Case count,61
West Coast,2016,Campylobacteriosis,Case count,58
West Coast,2015,Campylobacteriosis,Case count,80
West Coast,2014,Campylobacteriosis,Case count,61
West Coast,2013,Campylobacteriosis,Case count,69
West Coast,2012,Campylobacteriosis,Case count,72
West Coast,2011,Campylobacteriosis,Case count,54
West Coast,2010,Campylobacteriosis,Case count,66
West Coast,2009,Campylobacteriosis,Case count,42
West Coast,2008,Campylobacteriosis,Case count,54
West Coast,2007,Campylobacteriosis,Case count,81
West Coast,2006,Campylobacteriosis,Case count,74
Whanganui,2017,Campylobacteriosis,"National Case rate per 100,000",135.267535270
Whanganui,2016,Campylobacteriosis,"National Case rate per 100,000",158.944485824
Whanganui,2015,Campylobacteriosis,"National Case rate per 100,000",135.371584986
Whanganui,2014,Campylobacteriosis,"National Case rate per 100,000",150.461211756
Whanganui,2013,Campylobacteriosis,"National Case rate per 100,000",152.959761314
Whanganui,2012,Campylobacteriosis,"National Case rate per 100,000",158.379294029
Whanganui,2011,Campylobacteriosis,"National Case rate per 100,000",151.865152104
Whanganui,2010,Campylobacteriosis,"National Case rate per 100,000",168.261979275
Whanganui,2009,Campylobacteriosis,"National Case rate per 100,000",166.410917409
Whanganui,2008,Campylobacteriosis,"National Case rate per 100,000",156.889546384
Whanganui,2007,Campylobacteriosis,"National Case rate per 100,000",302.337973063
Whanganui,2006,Campylobacteriosis,"National Case rate per 100,000",379.616963064
Whanganui,2017,Campylobacteriosis,National Case count,6482
Whanganui,2016,Campylobacteriosis,National Case count,7456
Whanganui,2015,Campylobacteriosis,National Case count,6218
Whanganui,2014,Campylobacteriosis,National Case count,6782
Whanganui,2013,Campylobacteriosis,National Case count,6837
Whanganui,2012,Campylobacteriosis,National Case count,7016
Whanganui,2011,Campylobacteriosis,National Case count,6686
Whanganui,2010,Campylobacteriosis,National Case count,7346
Whanganui,2009,Campylobacteriosis,National Case count,7177
Whanganui,2008,Campylobacteriosis,National Case count,6694
Whanganui,2007,Campylobacteriosis,National Case count,12778
Whanganui,2006,Campylobacteriosis,National Case count,15873
Whanganui,2017,Campylobacteriosis,"Case rate per 100,000",144
Whanganui,2016,Campylobacteriosis,"Case rate per 100,000",161.8
Whanganui,2015,Campylobacteriosis,"Case rate per 100,000",137.5
Whanganui,2014,Campylobacteriosis,"Case rate per 100,000",141.3
Whanganui,2013,Campylobacteriosis,"Case rate per 100,000",176.9
Whanganui,2012,Campylobacteriosis,"Case rate per 100,000",148.8
Whanganui,2011,Campylobacteriosis,"Case rate per 100,000",121.7
Whanganui,2010,Campylobacteriosis,"Case rate per 100,000",158.4
Whanganui,2009,Campylobacteriosis,"Case rate per 100,000",224.7
Whanganui,2008,Campylobacteriosis,"Case rate per 100,000",143.9
Whanganui,2007,Campylobacteriosis,"Case rate per 100,000",304.9
Whanganui,2006,Campylobacteriosis,"Case rate per 100,000",368.7
Whanganui,2017,Campylobacteriosis,Case count,92
Whanganui,2016,Campylobacteriosis,Case count,102
Whanganui,2015,Campylobacteriosis,Case count,86
Whanganui,2014,Campylobacteriosis,Case count,88
Whanganui,2013,Campylobacteriosis,Case count,108
Whanganui,2012,Campylobacteriosis,Case count,91
Whanganui,2011,Campylobacteriosis,Case count,75
Whanganui,2010,Campylobacteriosis,Case count,98
Whanganui,2009,Campylobacteriosis,Case count,139
Whanganui,2008,Campylobacteriosis,Case count,89
Whanganui,2007,Campylobacteriosis,Case count,190
Whanganui,2006,Campylobacteriosis,Case count,231
