Date,Mode,Direction,Count
2020-07-31,Pedestrian,To Massey,533
2020-07-31,Pedestrian,To City,386
2020-07-31,Cyclist,To Massey,217
2020-07-31,Cyclist,To City,185
2020-08-01,Pedestrian,To Massey,757
2020-08-01,Pedestrian,To City,507
2020-08-01,Cyclist,To Massey,198
2020-08-01,Cyclist,To City,178
2020-08-02,Pedestrian,To Massey,935
2020-08-02,Pedestrian,To City,628
2020-08-02,Cyclist,To Massey,270
2020-08-02,Cyclist,To City,239
2020-08-03,Pedestrian,To Massey,583
2020-08-03,Pedestrian,To City,327
2020-08-03,Cyclist,To Massey,259
2020-08-03,Cyclist,To City,249
2020-08-04,Pedestrian,To Massey,572
2020-08-04,Pedestrian,To City,449
2020-08-04,Cyclist,To Massey,274
2020-08-04,Cyclist,To City,254
2020-08-05,Pedestrian,To Massey,437
2020-08-05,Pedestrian,To City,301
2020-08-05,Cyclist,To Massey,231
2020-08-05,Cyclist,To City,223
2020-08-06,Pedestrian,To Massey,552
2020-08-06,Pedestrian,To City,384
2020-08-06,Cyclist,To Massey,277
2020-08-06,Cyclist,To City,243
2020-08-07,Pedestrian,To Massey,379
2020-08-07,Pedestrian,To City,244
2020-08-07,Cyclist,To Massey,154
2020-08-07,Cyclist,To City,144
2020-08-08,Pedestrian,To Massey,606
2020-08-08,Pedestrian,To City,475
2020-08-08,Cyclist,To Massey,162
2020-08-08,Cyclist,To City,154
2020-08-09,Pedestrian,To Massey,675
2020-08-09,Pedestrian,To City,466
2020-08-09,Cyclist,To Massey,161
2020-08-09,Cyclist,To City,153
2020-08-10,Pedestrian,To Massey,427
2020-08-10,Pedestrian,To City,262
2020-08-10,Cyclist,To Massey,216
2020-08-10,Cyclist,To City,198
2020-08-11,Pedestrian,To Massey,354
2020-08-11,Pedestrian,To City,218
2020-08-11,Cyclist,To Massey,255
2020-08-11,Cyclist,To City,235
2020-08-12,Pedestrian,To Massey,252
2020-08-12,Pedestrian,To City,186
2020-08-12,Cyclist,To Massey,139
2020-08-12,Cyclist,To City,123
2020-08-13,Pedestrian,To Massey,438
2020-08-13,Pedestrian,To City,287
2020-08-13,Cyclist,To Massey,213
2020-08-13,Cyclist,To City,203
2020-08-14,Pedestrian,To Massey,464
2020-08-14,Pedestrian,To City,310
2020-08-14,Cyclist,To Massey,184
2020-08-14,Cyclist,To City,191
2020-08-15,Pedestrian,To Massey,1139
2020-08-15,Pedestrian,To City,794
2020-08-15,Cyclist,To Massey,283
2020-08-15,Cyclist,To City,270
2020-08-16,Pedestrian,To Massey,1028
2020-08-16,Pedestrian,To City,734
2020-08-16,Cyclist,To Massey,269
2020-08-16,Cyclist,To City,241
2020-08-17,Pedestrian,To Massey,688
2020-08-17,Pedestrian,To City,391
2020-08-17,Cyclist,To Massey,306
2020-08-17,Cyclist,To City,290
2020-08-18,Pedestrian,To Massey,535
2020-08-18,Pedestrian,To City,379
2020-08-18,Cyclist,To Massey,269
2020-08-18,Cyclist,To City,243
2020-08-19,Pedestrian,To Massey,246
2020-08-19,Pedestrian,To City,157
2020-08-19,Cyclist,To Massey,148
2020-08-19,Cyclist,To City,141
2020-08-20,Pedestrian,To Massey,291
2020-08-20,Pedestrian,To City,215
2020-08-20,Cyclist,To Massey,167
2020-08-20,Cyclist,To City,144
2020-08-21,Pedestrian,To Massey,213
2020-08-21,Pedestrian,To City,145
2020-08-21,Cyclist,To Massey,115
2020-08-21,Cyclist,To City,105
2020-08-22,Pedestrian,To Massey,800
2020-08-22,Pedestrian,To City,565
2020-08-22,Cyclist,To Massey,194
2020-08-22,Cyclist,To City,180
2020-08-23,Pedestrian,To Massey,1032
2020-08-23,Pedestrian,To City,669
2020-08-23,Cyclist,To Massey,315
2020-08-23,Cyclist,To City,304
2020-08-24,Pedestrian,To Massey,292
2020-08-24,Pedestrian,To City,214
2020-08-24,Cyclist,To Massey,133
2020-08-24,Cyclist,To City,121
2020-08-25,Pedestrian,To Massey,430
2020-08-25,Pedestrian,To City,297
2020-08-25,Cyclist,To Massey,208
2020-08-25,Cyclist,To City,187
2020-08-26,Pedestrian,To Massey,449
2020-08-26,Pedestrian,To City,302
2020-08-26,Cyclist,To Massey,209
2020-08-26,Cyclist,To City,198
2020-08-27,Pedestrian,To Massey,233
2020-08-27,Pedestrian,To City,190
2020-08-27,Cyclist,To Massey,111
2020-08-27,Cyclist,To City,109
2020-08-28,Pedestrian,To Massey,401
2020-08-28,Pedestrian,To City,273
2020-08-28,Cyclist,To Massey,203
2020-08-28,Cyclist,To City,190
2020-08-29,Pedestrian,To Massey,720
2020-08-29,Pedestrian,To City,542
2020-08-29,Cyclist,To Massey,147
2020-08-29,Cyclist,To City,148
2020-08-30,Pedestrian,To Massey,641
2020-08-30,Pedestrian,To City,394
2020-08-30,Cyclist,To Massey,170
2020-08-30,Cyclist,To City,163
2020-08-31,Pedestrian,To Massey,331
2020-08-31,Pedestrian,To City,218
2020-08-31,Cyclist,To Massey,164
2020-08-31,Cyclist,To City,168
2020-09-01,Pedestrian,To Massey,397
2020-09-01,Pedestrian,To City,284
2020-09-01,Cyclist,To Massey,190
2020-09-01,Cyclist,To City,201
2020-09-02,Pedestrian,To Massey,186
2020-09-02,Pedestrian,To City,130
2020-09-02,Cyclist,To Massey,106
2020-09-02,Cyclist,To City,92
2020-09-03,Pedestrian,To Massey,527
2020-09-03,Pedestrian,To City,391
2020-09-03,Cyclist,To Massey,219
2020-09-03,Cyclist,To City,226
2020-09-04,Pedestrian,To Massey,569
2020-09-04,Pedestrian,To City,375
2020-09-04,Cyclist,To Massey,224
2020-09-04,Cyclist,To City,212
2020-09-05,Pedestrian,To Massey,676
2020-09-05,Pedestrian,To City,469
2020-09-05,Cyclist,To Massey,125
2020-09-05,Cyclist,To City,133
2020-09-06,Pedestrian,To Massey,708
2020-09-06,Pedestrian,To City,465
2020-09-06,Cyclist,To Massey,155
2020-09-06,Cyclist,To City,160
2020-09-07,Pedestrian,To Massey,545
2020-09-07,Pedestrian,To City,377
2020-09-07,Cyclist,To Massey,223
2020-09-07,Cyclist,To City,224
2020-09-08,Pedestrian,To Massey,625
2020-09-08,Pedestrian,To City,415
2020-09-08,Cyclist,To Massey,301
2020-09-08,Cyclist,To City,300
2020-09-09,Pedestrian,To Massey,273
2020-09-09,Pedestrian,To City,197
2020-09-09,Cyclist,To Massey,193
2020-09-09,Cyclist,To City,191
2020-09-10,Pedestrian,To Massey,272
2020-09-10,Pedestrian,To City,179
2020-09-10,Cyclist,To Massey,126
2020-09-10,Cyclist,To City,113
2020-09-11,Pedestrian,To Massey,302
2020-09-11,Pedestrian,To City,222
2020-09-11,Cyclist,To Massey,163
2020-09-11,Cyclist,To City,166
2020-09-12,Pedestrian,To Massey,1123
2020-09-12,Pedestrian,To City,839
2020-09-12,Cyclist,To Massey,239
2020-09-12,Cyclist,To City,236
2020-09-13,Pedestrian,To Massey,454
2020-09-13,Pedestrian,To City,303
2020-09-13,Cyclist,To Massey,79
2020-09-13,Cyclist,To City,98
2020-09-14,Pedestrian,To Massey,251
2020-09-14,Pedestrian,To City,122
2020-09-14,Cyclist,To Massey,144
2020-09-14,Cyclist,To City,45
2020-09-15,Pedestrian,To Massey,43
2020-09-15,Pedestrian,To City,41
2020-09-15,Cyclist,To Massey,6
2020-09-15,Cyclist,To City,49
2020-09-16,Pedestrian,To Massey,368
2020-09-16,Pedestrian,To City,282
2020-09-16,Cyclist,To Massey,208
2020-09-16,Cyclist,To City,206
2020-09-17,Pedestrian,To Massey,220
2020-09-17,Pedestrian,To City,150
2020-09-17,Cyclist,To Massey,155
2020-09-17,Cyclist,To City,128
2020-09-18,Pedestrian,To Massey,263
2020-09-18,Pedestrian,To City,196
2020-09-18,Cyclist,To Massey,46
2020-09-18,Cyclist,To City,55
2020-09-19,Pedestrian,To Massey,709
2020-09-19,Pedestrian,To City,502
2020-09-19,Cyclist,To Massey,159
2020-09-19,Cyclist,To City,162
2020-09-20,Pedestrian,To Massey,1452
2020-09-20,Pedestrian,To City,1156
2020-09-20,Cyclist,To Massey,398
2020-09-20,Cyclist,To City,412
2020-09-21,Pedestrian,To Massey,658
2020-09-21,Pedestrian,To City,526
2020-09-21,Cyclist,To Massey,280
2020-09-21,Cyclist,To City,273
2020-09-22,Pedestrian,To Massey,402
2020-09-22,Pedestrian,To City,313
2020-09-22,Cyclist,To Massey,233
2020-09-22,Cyclist,To City,244
2020-09-23,Pedestrian,To Massey,302
2020-09-23,Pedestrian,To City,213
2020-09-23,Cyclist,To Massey,178
2020-09-23,Cyclist,To City,189
2020-09-24,Pedestrian,To Massey,228
2020-09-24,Pedestrian,To City,158
2020-09-24,Cyclist,To Massey,150
2020-09-24,Cyclist,To City,128
2020-09-25,Pedestrian,To Massey,385
2020-09-25,Pedestrian,To City,268
2020-09-25,Cyclist,To Massey,181
2020-09-25,Cyclist,To City,182
2020-09-26,Pedestrian,To Massey,970
2020-09-26,Pedestrian,To City,663
2020-09-26,Cyclist,To Massey,237
2020-09-26,Cyclist,To City,220
2020-09-27,Pedestrian,To Massey,316
2020-09-27,Pedestrian,To City,250
2020-09-27,Cyclist,To Massey,34
2020-09-27,Cyclist,To City,44
2020-09-28,Pedestrian,To Massey,248
2020-09-28,Pedestrian,To City,188
2020-09-28,Cyclist,To Massey,103
2020-09-28,Cyclist,To City,100
2020-09-29,Pedestrian,To Massey,307
2020-09-29,Pedestrian,To City,237
2020-09-29,Cyclist,To Massey,86
2020-09-29,Cyclist,To City,85
2020-09-30,Pedestrian,To Massey,808
2020-09-30,Pedestrian,To City,609
2020-09-30,Cyclist,To Massey,316
2020-09-30,Cyclist,To City,294
2020-10-01,Pedestrian,To Massey,695
2020-10-01,Pedestrian,To City,512
2020-10-01,Cyclist,To Massey,299
2020-10-01,Cyclist,To City,268
2020-10-02,Pedestrian,To Massey,601
2020-10-02,Pedestrian,To City,435
2020-10-02,Cyclist,To Massey,240
2020-10-02,Cyclist,To City,233
2020-10-03,Pedestrian,To Massey,845
2020-10-03,Pedestrian,To City,658
2020-10-03,Cyclist,To Massey,216
2020-10-03,Cyclist,To City,208
2020-10-04,Pedestrian,To Massey,1154
2020-10-04,Pedestrian,To City,828
2020-10-04,Cyclist,To Massey,216
2020-10-04,Cyclist,To City,190
2020-10-05,Pedestrian,To Massey,750
2020-10-05,Pedestrian,To City,546
2020-10-05,Cyclist,To Massey,302
2020-10-05,Cyclist,To City,276
2020-10-06,Pedestrian,To Massey,432
2020-10-06,Pedestrian,To City,331
2020-10-06,Cyclist,To Massey,244
2020-10-06,Cyclist,To City,207
2020-10-07,Pedestrian,To Massey,575
2020-10-07,Pedestrian,To City,405
2020-10-07,Cyclist,To Massey,178
2020-10-07,Cyclist,To City,165
2020-10-08,Pedestrian,To Massey,565
2020-10-08,Pedestrian,To City,432
2020-10-08,Cyclist,To Massey,222
2020-10-08,Cyclist,To City,210
2020-10-09,Pedestrian,To Massey,564
2020-10-09,Pedestrian,To City,435
2020-10-09,Cyclist,To Massey,234
2020-10-09,Cyclist,To City,228
2020-10-10,Pedestrian,To Massey,940
2020-10-10,Pedestrian,To City,677
2020-10-10,Cyclist,To Massey,266
2020-10-10,Cyclist,To City,261
2020-10-11,Pedestrian,To Massey,879
2020-10-11,Pedestrian,To City,633
2020-10-11,Cyclist,To Massey,257
2020-10-11,Cyclist,To City,257
2020-10-12,Pedestrian,To Massey,246
2020-10-12,Pedestrian,To City,145
2020-10-12,Cyclist,To Massey,161
2020-10-12,Cyclist,To City,128
2020-10-13,Pedestrian,To Massey,442
2020-10-13,Pedestrian,To City,330
2020-10-13,Cyclist,To Massey,203
2020-10-13,Cyclist,To City,181
2020-10-14,Pedestrian,To Massey,331
2020-10-14,Pedestrian,To City,233
2020-10-14,Cyclist,To Massey,212
2020-10-14,Cyclist,To City,248
2020-10-15,Pedestrian,To Massey,302
2020-10-15,Pedestrian,To City,215
2020-10-15,Cyclist,To Massey,163
2020-10-15,Cyclist,To City,173
2020-10-16,Pedestrian,To Massey,517
2020-10-16,Pedestrian,To City,354
2020-10-16,Cyclist,To Massey,244
2020-10-16,Cyclist,To City,216
2020-10-17,Pedestrian,To Massey,613
2020-10-17,Pedestrian,To City,450
2020-10-17,Cyclist,To Massey,185
2020-10-17,Cyclist,To City,172
2020-10-18,Pedestrian,To Massey,873
2020-10-18,Pedestrian,To City,636
2020-10-18,Cyclist,To Massey,305
2020-10-18,Cyclist,To City,267
2020-10-19,Pedestrian,To Massey,283
2020-10-19,Pedestrian,To City,201
2020-10-19,Cyclist,To Massey,226
2020-10-19,Cyclist,To City,226
2020-10-20,Pedestrian,To Massey,399
2020-10-20,Pedestrian,To City,256
2020-10-20,Cyclist,To Massey,201
2020-10-20,Cyclist,To City,206
2020-10-21,Pedestrian,To Massey,481
2020-10-21,Pedestrian,To City,347
2020-10-21,Cyclist,To Massey,263
2020-10-21,Cyclist,To City,229
2020-10-22,Pedestrian,To Massey,492
2020-10-22,Pedestrian,To City,335
2020-10-22,Cyclist,To Massey,264
2020-10-22,Cyclist,To City,248
2020-10-23,Pedestrian,To Massey,608
2020-10-23,Pedestrian,To City,413
2020-10-23,Cyclist,To Massey,230
2020-10-23,Cyclist,To City,229
2020-10-24,Pedestrian,To Massey,1038
2020-10-24,Pedestrian,To City,742
2020-10-24,Cyclist,To Massey,222
2020-10-24,Cyclist,To City,200
2020-10-25,Pedestrian,To Massey,1055
2020-10-25,Pedestrian,To City,774
2020-10-25,Cyclist,To Massey,209
2020-10-25,Cyclist,To City,184
2020-10-26,Pedestrian,To Massey,1019
2020-10-26,Pedestrian,To City,690
2020-10-26,Cyclist,To Massey,224
2020-10-26,Cyclist,To City,200
2020-10-27,Pedestrian,To Massey,157
2020-10-27,Pedestrian,To City,106
2020-10-27,Cyclist,To Massey,109
2020-10-27,Cyclist,To City,117
2020-10-28,Pedestrian,To Massey,400
2020-10-28,Pedestrian,To City,266
2020-10-28,Cyclist,To Massey,173
2020-10-28,Cyclist,To City,176
2020-10-29,Pedestrian,To Massey,318
2020-10-29,Pedestrian,To City,222
2020-10-29,Cyclist,To Massey,195
2020-10-29,Cyclist,To City,155
2020-10-30,Pedestrian,To Massey,508
2020-10-30,Pedestrian,To City,358
2020-10-30,Cyclist,To Massey,211
2020-10-30,Cyclist,To City,223
2020-10-31,Pedestrian,To Massey,636
2020-10-31,Pedestrian,To City,443
2020-10-31,Cyclist,To Massey,162
2020-10-31,Cyclist,To City,172
2020-11-01,Pedestrian,To Massey,638
2020-11-01,Pedestrian,To City,451
2020-11-01,Cyclist,To Massey,137
2020-11-01,Cyclist,To City,120
2020-11-02,Pedestrian,To Massey,429
2020-11-02,Pedestrian,To City,307
2020-11-02,Cyclist,To Massey,232
2020-11-02,Cyclist,To City,237
2020-11-03,Pedestrian,To Massey,311
2020-11-03,Pedestrian,To City,238
2020-11-03,Cyclist,To Massey,193
2020-11-03,Cyclist,To City,191
2020-11-04,Pedestrian,To Massey,532
2020-11-04,Pedestrian,To City,397
2020-11-04,Cyclist,To Massey,275
2020-11-04,Cyclist,To City,258
2020-11-05,Pedestrian,To Massey,347
2020-11-05,Pedestrian,To City,240
2020-11-05,Cyclist,To Massey,238
2020-11-05,Cyclist,To City,218
2020-11-06,Pedestrian,To Massey,614
2020-11-06,Pedestrian,To City,461
2020-11-06,Cyclist,To Massey,127
2020-11-06,Cyclist,To City,143
2020-11-07,Pedestrian,To Massey,664
2020-11-07,Pedestrian,To City,495
2020-11-07,Cyclist,To Massey,162
2020-11-07,Cyclist,To City,141
2020-11-08,Pedestrian,To Massey,609
2020-11-08,Pedestrian,To City,420
2020-11-08,Cyclist,To Massey,130
2020-11-08,Cyclist,To City,116
2020-11-09,Pedestrian,To Massey,200
2020-11-09,Pedestrian,To City,134
2020-11-09,Cyclist,To Massey,127
2020-11-09,Cyclist,To City,124
2020-11-10,Pedestrian,To Massey,329
2020-11-10,Pedestrian,To City,245
2020-11-10,Cyclist,To Massey,171
2020-11-10,Cyclist,To City,157
2020-11-11,Pedestrian,To Massey,420
2020-11-11,Pedestrian,To City,335
2020-11-11,Cyclist,To Massey,182
2020-11-11,Cyclist,To City,180
2020-11-12,Pedestrian,To Massey,540
2020-11-12,Pedestrian,To City,381
2020-11-12,Cyclist,To Massey,256
2020-11-12,Cyclist,To City,243
2020-11-13,Pedestrian,To Massey,468
2020-11-13,Pedestrian,To City,394
2020-11-13,Cyclist,To Massey,222
2020-11-13,Cyclist,To City,221
2020-11-14,Pedestrian,To Massey,676
2020-11-14,Pedestrian,To City,433
2020-11-14,Cyclist,To Massey,157
2020-11-14,Cyclist,To City,147
2020-11-15,Pedestrian,To Massey,848
2020-11-15,Pedestrian,To City,581
2020-11-15,Cyclist,To Massey,190
2020-11-15,Cyclist,To City,179
2020-11-16,Pedestrian,To Massey,461
2020-11-16,Pedestrian,To City,338
2020-11-16,Cyclist,To Massey,229
2020-11-16,Cyclist,To City,232
2020-11-17,Pedestrian,To Massey,488
2020-11-17,Pedestrian,To City,377
2020-11-17,Cyclist,To Massey,300
2020-11-17,Cyclist,To City,264
2020-11-18,Pedestrian,To Massey,276
2020-11-18,Pedestrian,To City,225
2020-11-18,Cyclist,To Massey,184
2020-11-18,Cyclist,To City,195
2020-11-19,Pedestrian,To Massey,1002
2020-11-19,Pedestrian,To City,391
2020-11-19,Cyclist,To Massey,266
2020-11-19,Cyclist,To City,250
2020-11-20,Pedestrian,To Massey,488
2020-11-20,Pedestrian,To City,365
2020-11-20,Cyclist,To Massey,231
2020-11-20,Cyclist,To City,215
2020-11-21,Pedestrian,To Massey,510
2020-11-21,Pedestrian,To City,396
2020-11-21,Cyclist,To Massey,118
2020-11-21,Cyclist,To City,115
2020-11-22,Pedestrian,To Massey,478
2020-11-22,Pedestrian,To City,329
2020-11-22,Cyclist,To Massey,111
2020-11-22,Cyclist,To City,108
2020-11-23,Pedestrian,To Massey,478
2020-11-23,Pedestrian,To City,317
2020-11-23,Cyclist,To Massey,255
2020-11-23,Cyclist,To City,278
2020-11-24,Pedestrian,To Massey,525
2020-11-24,Pedestrian,To City,333
2020-11-24,Cyclist,To Massey,272
2020-11-24,Cyclist,To City,269
2020-11-25,Pedestrian,To Massey,159
2020-11-25,Pedestrian,To City,123
2020-11-25,Cyclist,To Massey,52
2020-11-25,Cyclist,To City,43
2020-11-26,Pedestrian,To Massey,269
2020-11-26,Pedestrian,To City,175
2020-11-26,Cyclist,To Massey,126
2020-11-26,Cyclist,To City,122
2020-11-27,Pedestrian,To Massey,284
2020-11-27,Pedestrian,To City,190
2020-11-27,Cyclist,To Massey,135
2020-11-27,Cyclist,To City,149
2020-11-28,Pedestrian,To Massey,781
2020-11-28,Pedestrian,To City,523
2020-11-28,Cyclist,To Massey,216
2020-11-28,Cyclist,To City,235
2020-11-29,Pedestrian,To Massey,389
2020-11-29,Pedestrian,To City,308
2020-11-29,Cyclist,To Massey,76
2020-11-29,Cyclist,To City,59
2020-11-30,Pedestrian,To Massey,328
2020-11-30,Pedestrian,To City,214
2020-11-30,Cyclist,To Massey,227
2020-11-30,Cyclist,To City,220
2020-12-01,Pedestrian,To Massey,407
2020-12-01,Pedestrian,To City,277
2020-12-01,Cyclist,To Massey,165
2020-12-01,Cyclist,To City,166
2020-12-02,Pedestrian,To Massey,485
2020-12-02,Pedestrian,To City,390
2020-12-02,Cyclist,To Massey,253
2020-12-02,Cyclist,To City,235
2020-12-03,Pedestrian,To Massey,366
2020-12-03,Pedestrian,To City,293
2020-12-03,Cyclist,To Massey,157
2020-12-03,Cyclist,To City,149
2020-12-04,Pedestrian,To Massey,340
2020-12-04,Pedestrian,To City,236
2020-12-04,Cyclist,To Massey,160
2020-12-04,Cyclist,To City,162
2020-12-05,Pedestrian,To Massey,496
2020-12-05,Pedestrian,To City,377
2020-12-05,Cyclist,To Massey,93
2020-12-05,Cyclist,To City,82
2020-12-06,Pedestrian,To Massey,656
2020-12-06,Pedestrian,To City,419
2020-12-06,Cyclist,To Massey,212
2020-12-06,Cyclist,To City,175
2020-12-07,Pedestrian,To Massey,235
2020-12-07,Pedestrian,To City,153
2020-12-07,Cyclist,To Massey,116
2020-12-07,Cyclist,To City,69
2020-12-08,Pedestrian,To Massey,201
2020-12-08,Pedestrian,To City,153
2020-12-08,Cyclist,To Massey,78
2020-12-08,Cyclist,To City,92
2020-12-09,Pedestrian,To Massey,256
2020-12-09,Pedestrian,To City,157
2020-12-09,Cyclist,To Massey,129
2020-12-09,Cyclist,To City,56
2020-12-10,Pedestrian,To Massey,367
2020-12-10,Pedestrian,To City,265
2020-12-10,Cyclist,To Massey,180
2020-12-10,Cyclist,To City,166
2020-12-11,Pedestrian,To Massey,242
2020-12-11,Pedestrian,To City,147
2020-12-11,Cyclist,To Massey,151
2020-12-11,Cyclist,To City,145
2020-12-12,Pedestrian,To Massey,497
2020-12-12,Pedestrian,To City,365
2020-12-12,Cyclist,To Massey,83
2020-12-12,Cyclist,To City,73
2020-12-13,Pedestrian,To Massey,689
2020-12-13,Pedestrian,To City,465
2020-12-13,Cyclist,To Massey,194
2020-12-13,Cyclist,To City,160
2020-12-14,Pedestrian,To Massey,515
2020-12-14,Pedestrian,To City,320
2020-12-14,Cyclist,To Massey,318
2020-12-14,Cyclist,To City,261
2020-12-15,Pedestrian,To Massey,528
2020-12-15,Pedestrian,To City,345
2020-12-15,Cyclist,To Massey,273
2020-12-15,Cyclist,To City,247
2020-12-16,Pedestrian,To Massey,407
2020-12-16,Pedestrian,To City,265
2020-12-16,Cyclist,To Massey,178
2020-12-16,Cyclist,To City,149
2020-12-17,Pedestrian,To Massey,489
2020-12-17,Pedestrian,To City,337
2020-12-17,Cyclist,To Massey,231
2020-12-17,Cyclist,To City,207
2020-12-18,Pedestrian,To Massey,380
2020-12-18,Pedestrian,To City,269
2020-12-18,Cyclist,To Massey,189
2020-12-18,Cyclist,To City,185
2020-12-19,Pedestrian,To Massey,590
2020-12-19,Pedestrian,To City,467
2020-12-19,Cyclist,To Massey,146
2020-12-19,Cyclist,To City,114
2020-12-20,Pedestrian,To Massey,746
2020-12-20,Pedestrian,To City,519
2020-12-20,Cyclist,To Massey,215
2020-12-20,Cyclist,To City,172
2020-12-21,Pedestrian,To Massey,438
2020-12-21,Pedestrian,To City,298
2020-12-21,Cyclist,To Massey,201
2020-12-21,Cyclist,To City,167
2020-12-22,Pedestrian,To Massey,363
2020-12-22,Pedestrian,To City,242
2020-12-22,Cyclist,To Massey,133
2020-12-22,Cyclist,To City,141
2020-12-23,Pedestrian,To Massey,191
2020-12-23,Pedestrian,To City,124
2020-12-23,Cyclist,To Massey,52
2020-12-23,Cyclist,To City,49
2020-12-24,Pedestrian,To Massey,333
2020-12-24,Pedestrian,To City,213
2020-12-24,Cyclist,To Massey,42
2020-12-24,Cyclist,To City,45
2020-12-25,Pedestrian,To Massey,778
2020-12-25,Pedestrian,To City,549
2020-12-25,Cyclist,To Massey,136
2020-12-25,Cyclist,To City,117
2020-12-26,Pedestrian,To Massey,917
2020-12-26,Pedestrian,To City,635
2020-12-26,Cyclist,To Massey,187
2020-12-26,Cyclist,To City,161
2020-12-27,Pedestrian,To Massey,733
2020-12-27,Pedestrian,To City,547
2020-12-27,Cyclist,To Massey,129
2020-12-27,Cyclist,To City,114
2020-12-28,Pedestrian,To Massey,933
2020-12-28,Pedestrian,To City,663
2020-12-28,Cyclist,To Massey,233
2020-12-28,Cyclist,To City,227
2020-12-29,Pedestrian,To Massey,860
2020-12-29,Pedestrian,To City,542
2020-12-29,Cyclist,To Massey,236
2020-12-29,Cyclist,To City,177
2020-12-30,Pedestrian,To Massey,730
2020-12-30,Pedestrian,To City,552
2020-12-30,Cyclist,To Massey,208
2020-12-30,Cyclist,To City,197
2020-12-31,Pedestrian,To Massey,636
2020-12-31,Pedestrian,To City,471
2020-12-31,Cyclist,To Massey,172
2020-12-31,Cyclist,To City,166
2021-01-01,Pedestrian,To Massey,981
2021-01-01,Pedestrian,To City,711
2021-01-01,Cyclist,To Massey,260
2021-01-01,Cyclist,To City,218
2021-01-02,Pedestrian,To Massey,901
2021-01-02,Pedestrian,To City,655
2021-01-02,Cyclist,To Massey,225
2021-01-02,Cyclist,To City,205
2021-01-03,Pedestrian,To Massey,558
2021-01-03,Pedestrian,To City,374
2021-01-03,Cyclist,To Massey,150
2021-01-03,Cyclist,To City,115
2021-01-04,Pedestrian,To Massey,1029
2021-01-04,Pedestrian,To City,653
2021-01-04,Cyclist,To Massey,231
2021-01-04,Cyclist,To City,212
2021-01-05,Pedestrian,To Massey,730
2021-01-05,Pedestrian,To City,456
2021-01-05,Cyclist,To Massey,221
2021-01-05,Cyclist,To City,166
2021-01-06,Pedestrian,To Massey,691
2021-01-06,Pedestrian,To City,456
2021-01-06,Cyclist,To Massey,259
2021-01-06,Cyclist,To City,213
2021-01-07,Pedestrian,To Massey,576
2021-01-07,Pedestrian,To City,412
2021-01-07,Cyclist,To Massey,207
2021-01-07,Cyclist,To City,169
2021-01-08,Pedestrian,To Massey,662
2021-01-08,Pedestrian,To City,454
2021-01-08,Cyclist,To Massey,203
2021-01-08,Cyclist,To City,177
2021-01-09,Pedestrian,To Massey,821
2021-01-09,Pedestrian,To City,527
2021-01-09,Cyclist,To Massey,234
2021-01-09,Cyclist,To City,218
2021-01-10,Pedestrian,To Massey,800
2021-01-10,Pedestrian,To City,520
2021-01-10,Cyclist,To Massey,239
2021-01-10,Cyclist,To City,201
2021-01-11,Pedestrian,To Massey,594
2021-01-11,Pedestrian,To City,371
2021-01-11,Cyclist,To Massey,309
2021-01-11,Cyclist,To City,277
2021-01-12,Pedestrian,To Massey,700
2021-01-12,Pedestrian,To City,445
2021-01-12,Cyclist,To Massey,319
2021-01-12,Cyclist,To City,312
2021-01-13,Pedestrian,To Massey,598
2021-01-13,Pedestrian,To City,392
2021-01-13,Cyclist,To Massey,329
2021-01-13,Cyclist,To City,279
2021-01-14,Pedestrian,To Massey,589
2021-01-14,Pedestrian,To City,373
2021-01-14,Cyclist,To Massey,302
2021-01-14,Cyclist,To City,292
2021-01-15,Pedestrian,To Massey,556
2021-01-15,Pedestrian,To City,377
2021-01-15,Cyclist,To Massey,262
2021-01-15,Cyclist,To City,219
2021-01-16,Pedestrian,To Massey,815
2021-01-16,Pedestrian,To City,558
2021-01-16,Cyclist,To Massey,224
2021-01-16,Cyclist,To City,204
2021-01-17,Pedestrian,To Massey,675
2021-01-17,Pedestrian,To City,437
2021-01-17,Cyclist,To Massey,201
2021-01-17,Cyclist,To City,165
2021-01-18,Pedestrian,To Massey,361
2021-01-18,Pedestrian,To City,250
2021-01-18,Cyclist,To Massey,179
2021-01-18,Cyclist,To City,170
2021-01-19,Pedestrian,To Massey,426
2021-01-19,Pedestrian,To City,177
2021-01-19,Cyclist,To Massey,74
2021-01-19,Cyclist,To City,68
2021-01-20,Pedestrian,To Massey,262
2021-01-20,Pedestrian,To City,199
2021-01-20,Cyclist,To Massey,84
2021-01-20,Cyclist,To City,84
2021-01-21,Pedestrian,To Massey,313
2021-01-21,Pedestrian,To City,189
2021-01-21,Cyclist,To Massey,123
2021-01-21,Cyclist,To City,99
2021-01-22,Pedestrian,To Massey,551
2021-01-22,Pedestrian,To City,389
2021-01-22,Cyclist,To Massey,231
2021-01-22,Cyclist,To City,209
2021-01-23,Pedestrian,To Massey,526
2021-01-23,Pedestrian,To City,336
2021-01-23,Cyclist,To Massey,104
2021-01-23,Cyclist,To City,120
2021-01-24,Pedestrian,To Massey,678
2021-01-24,Pedestrian,To City,523
2021-01-24,Cyclist,To Massey,125
2021-01-24,Cyclist,To City,102
2021-01-25,Pedestrian,To Massey,881
2021-01-25,Pedestrian,To City,522
2021-01-25,Cyclist,To Massey,225
2021-01-25,Cyclist,To City,230
2021-01-26,Pedestrian,To Massey,613
2021-01-26,Pedestrian,To City,356
2021-01-26,Cyclist,To Massey,301
2021-01-26,Cyclist,To City,270
2021-01-27,Pedestrian,To Massey,537
2021-01-27,Pedestrian,To City,369
2021-01-27,Cyclist,To Massey,303
2021-01-27,Cyclist,To City,291
2021-01-28,Pedestrian,To Massey,396
2021-01-28,Pedestrian,To City,251
2021-01-28,Cyclist,To Massey,184
2021-01-28,Cyclist,To City,175
2021-01-29,Pedestrian,To Massey,501
2021-01-29,Pedestrian,To City,335
2021-01-29,Cyclist,To Massey,243
2021-01-29,Cyclist,To City,225
2021-01-30,Pedestrian,To Massey,866
2021-01-30,Pedestrian,To City,588
2021-01-30,Cyclist,To Massey,225
2021-01-30,Cyclist,To City,204
2021-01-31,Pedestrian,To Massey,1008
2021-01-31,Pedestrian,To City,676
2021-01-31,Cyclist,To Massey,274
2021-01-31,Cyclist,To City,241
2021-02-01,Pedestrian,To Massey,606
2021-02-01,Pedestrian,To City,398
2021-02-01,Cyclist,To Massey,320
2021-02-01,Cyclist,To City,304
2021-02-02,Pedestrian,To Massey,586
2021-02-02,Pedestrian,To City,289
2021-02-02,Cyclist,To Massey,312
2021-02-02,Cyclist,To City,289
2021-02-03,Pedestrian,To Massey,540
2021-02-03,Pedestrian,To City,370
2021-02-03,Cyclist,To Massey,283
2021-02-03,Cyclist,To City,271
2021-02-04,Pedestrian,To Massey,438
2021-02-04,Pedestrian,To City,290
2021-02-04,Cyclist,To Massey,259
2021-02-04,Cyclist,To City,242
2021-02-05,Pedestrian,To Massey,426
2021-02-05,Pedestrian,To City,309
2021-02-05,Cyclist,To Massey,218
2021-02-05,Cyclist,To City,211
2021-02-06,Pedestrian,To Massey,668
2021-02-06,Pedestrian,To City,449
2021-02-06,Cyclist,To Massey,181
2021-02-06,Cyclist,To City,134
2021-02-07,Pedestrian,To Massey,968
2021-02-07,Pedestrian,To City,693
2021-02-07,Cyclist,To Massey,238
2021-02-07,Cyclist,To City,259
2021-02-08,Pedestrian,To Massey,809
2021-02-08,Pedestrian,To City,595
2021-02-08,Cyclist,To Massey,250
2021-02-08,Cyclist,To City,218
2021-02-09,Pedestrian,To Massey,575
2021-02-09,Pedestrian,To City,262
2021-02-09,Cyclist,To Massey,334
2021-02-09,Cyclist,To City,280
2021-02-10,Pedestrian,To Massey,352
2021-02-10,Pedestrian,To City,197
2021-02-10,Cyclist,To Massey,197
2021-02-10,Cyclist,To City,186
2021-02-11,Pedestrian,To Massey,511
2021-02-11,Pedestrian,To City,300
2021-02-11,Cyclist,To Massey,239
2021-02-11,Cyclist,To City,223
2021-02-12,Pedestrian,To Massey,456
2021-02-12,Pedestrian,To City,294
2021-02-12,Cyclist,To Massey,297
2021-02-12,Cyclist,To City,262
2021-02-13,Pedestrian,To Massey,731
2021-02-13,Pedestrian,To City,486
2021-02-13,Cyclist,To Massey,213
2021-02-13,Cyclist,To City,209
2021-02-14,Pedestrian,To Massey,879
2021-02-14,Pedestrian,To City,590
2021-02-14,Cyclist,To Massey,261
2021-02-14,Cyclist,To City,248
2021-02-15,Pedestrian,To Massey,342
2021-02-15,Pedestrian,To City,186
2021-02-15,Cyclist,To Massey,219
2021-02-15,Cyclist,To City,183
2021-02-16,Pedestrian,To Massey,326
2021-02-16,Pedestrian,To City,213
2021-02-16,Cyclist,To Massey,115
2021-02-16,Cyclist,To City,104
2021-02-17,Pedestrian,To Massey,414
2021-02-17,Pedestrian,To City,262
2021-02-17,Cyclist,To Massey,222
2021-02-17,Cyclist,To City,202
2021-02-18,Pedestrian,To Massey,572
2021-02-18,Pedestrian,To City,364
2021-02-18,Cyclist,To Massey,270
2021-02-18,Cyclist,To City,268
2021-02-19,Pedestrian,To Massey,600
2021-02-19,Pedestrian,To City,350
2021-02-19,Cyclist,To Massey,277
2021-02-19,Cyclist,To City,233
2021-02-20,Pedestrian,To Massey,772
2021-02-20,Pedestrian,To City,513
2021-02-20,Cyclist,To Massey,202
2021-02-20,Cyclist,To City,205
2021-02-21,Pedestrian,To Massey,948
2021-02-21,Pedestrian,To City,592
2021-02-21,Cyclist,To Massey,279
2021-02-21,Cyclist,To City,226
2021-02-22,Pedestrian,To Massey,551
2021-02-22,Pedestrian,To City,363
2021-02-22,Cyclist,To Massey,309
2021-02-22,Cyclist,To City,281
2021-02-23,Pedestrian,To Massey,578
2021-02-23,Pedestrian,To City,338
2021-02-23,Cyclist,To Massey,336
2021-02-23,Cyclist,To City,336
2021-02-24,Pedestrian,To Massey,514
2021-02-24,Pedestrian,To City,327
2021-02-24,Cyclist,To Massey,293
2021-02-24,Cyclist,To City,279
2021-02-25,Pedestrian,To Massey,498
2021-02-25,Pedestrian,To City,312
2021-02-25,Cyclist,To Massey,307
2021-02-25,Cyclist,To City,295
2021-02-26,Pedestrian,To Massey,501
2021-02-26,Pedestrian,To City,287
2021-02-26,Cyclist,To Massey,293
2021-02-26,Cyclist,To City,278
2021-02-27,Pedestrian,To Massey,664
2021-02-27,Pedestrian,To City,445
2021-02-27,Cyclist,To Massey,166
2021-02-27,Cyclist,To City,135
2021-02-28,Pedestrian,To Massey,785
2021-02-28,Pedestrian,To City,521
2021-02-28,Cyclist,To Massey,270
2021-02-28,Cyclist,To City,243
2021-03-01,Pedestrian,To Massey,471
2021-03-01,Pedestrian,To City,293
2021-03-01,Cyclist,To Massey,340
2021-03-01,Cyclist,To City,289
2021-03-02,Pedestrian,To Massey,532
2021-03-02,Pedestrian,To City,321
2021-03-02,Cyclist,To Massey,314
2021-03-02,Cyclist,To City,284
2021-03-03,Pedestrian,To Massey,443
2021-03-03,Pedestrian,To City,319
2021-03-03,Cyclist,To Massey,273
2021-03-03,Cyclist,To City,214
2021-03-04,Pedestrian,To Massey,393
2021-03-04,Pedestrian,To City,225
2021-03-04,Cyclist,To Massey,195
2021-03-04,Cyclist,To City,150
2021-03-05,Pedestrian,To Massey,559
2021-03-05,Pedestrian,To City,381
2021-03-05,Cyclist,To Massey,239
2021-03-05,Cyclist,To City,218
2021-03-06,Pedestrian,To Massey,644
2021-03-06,Pedestrian,To City,423
2021-03-06,Cyclist,To Massey,191
2021-03-06,Cyclist,To City,174
2021-03-07,Pedestrian,To Massey,506
2021-03-07,Pedestrian,To City,323
2021-03-07,Cyclist,To Massey,136
2021-03-07,Cyclist,To City,114
2021-03-08,Pedestrian,To Massey,565
2021-03-08,Pedestrian,To City,316
2021-03-08,Cyclist,To Massey,263
2021-03-08,Cyclist,To City,243
2021-03-09,Pedestrian,To Massey,454
2021-03-09,Pedestrian,To City,282
2021-03-09,Cyclist,To Massey,330
2021-03-09,Cyclist,To City,277
2021-03-10,Pedestrian,To Massey,344
2021-03-10,Pedestrian,To City,224
2021-03-10,Cyclist,To Massey,208
2021-03-10,Cyclist,To City,185
2021-03-11,Pedestrian,To Massey,235
2021-03-11,Pedestrian,To City,133
2021-03-11,Cyclist,To Massey,91
2021-03-11,Cyclist,To City,97
2021-03-12,Pedestrian,To Massey,444
2021-03-12,Pedestrian,To City,269
2021-03-12,Cyclist,To Massey,249
2021-03-12,Cyclist,To City,234
2021-03-13,Pedestrian,To Massey,598
2021-03-13,Pedestrian,To City,423
2021-03-13,Cyclist,To Massey,165
2021-03-13,Cyclist,To City,119
2021-03-14,Pedestrian,To Massey,835
2021-03-14,Pedestrian,To City,545
2021-03-14,Cyclist,To Massey,278
2021-03-14,Cyclist,To City,274
2021-03-15,Pedestrian,To Massey,509
2021-03-15,Pedestrian,To City,286
2021-03-15,Cyclist,To Massey,273
2021-03-15,Cyclist,To City,242
2021-03-16,Pedestrian,To Massey,348
2021-03-16,Pedestrian,To City,221
2021-03-16,Cyclist,To Massey,226
2021-03-16,Cyclist,To City,197
2021-03-17,Pedestrian,To Massey,445
2021-03-17,Pedestrian,To City,282
2021-03-17,Cyclist,To Massey,292
2021-03-17,Cyclist,To City,242
2021-03-18,Pedestrian,To Massey,429
2021-03-18,Pedestrian,To City,259
2021-03-18,Cyclist,To Massey,256
2021-03-18,Cyclist,To City,234
2021-03-19,Pedestrian,To Massey,508
2021-03-19,Pedestrian,To City,336
2021-03-19,Cyclist,To Massey,254
2021-03-19,Cyclist,To City,231
2021-03-20,Pedestrian,To Massey,584
2021-03-20,Pedestrian,To City,391
2021-03-20,Cyclist,To Massey,193
2021-03-20,Cyclist,To City,157
2021-03-21,Pedestrian,To Massey,704
2021-03-21,Pedestrian,To City,485
2021-03-21,Cyclist,To Massey,217
2021-03-21,Cyclist,To City,202
2021-03-22,Pedestrian,To Massey,419
2021-03-22,Pedestrian,To City,264
2021-03-22,Cyclist,To Massey,254
2021-03-22,Cyclist,To City,160
2021-03-23,Pedestrian,To Massey,516
2021-03-23,Pedestrian,To City,332
2021-03-23,Cyclist,To Massey,241
2021-03-23,Cyclist,To City,172
2021-03-24,Pedestrian,To Massey,425
2021-03-24,Pedestrian,To City,253
2021-03-24,Cyclist,To Massey,227
2021-03-24,Cyclist,To City,159
2021-03-25,Pedestrian,To Massey,377
2021-03-25,Pedestrian,To City,246
2021-03-25,Cyclist,To Massey,204
2021-03-25,Cyclist,To City,165
2021-03-26,Pedestrian,To Massey,460
2021-03-26,Pedestrian,To City,314
2021-03-26,Cyclist,To Massey,217
2021-03-26,Cyclist,To City,163
2021-03-27,Pedestrian,To Massey,688
2021-03-27,Pedestrian,To City,448
2021-03-27,Cyclist,To Massey,165
2021-03-27,Cyclist,To City,141
2021-03-28,Pedestrian,To Massey,748
2021-03-28,Pedestrian,To City,479
2021-03-28,Cyclist,To Massey,216
2021-03-28,Cyclist,To City,168
2021-03-29,Pedestrian,To Massey,228
2021-03-29,Pedestrian,To City,119
2021-03-29,Cyclist,To Massey,133
2021-03-29,Cyclist,To City,122
2021-03-30,Pedestrian,To Massey,364
2021-03-30,Pedestrian,To City,229
2021-03-30,Cyclist,To Massey,196
2021-03-30,Cyclist,To City,177
2021-03-31,Pedestrian,To Massey,207
2021-03-31,Pedestrian,To City,148
2021-03-31,Cyclist,To Massey,145
2021-03-31,Cyclist,To City,130
2021-04-01,Pedestrian,To Massey,218
2021-04-01,Pedestrian,To City,158
2021-04-01,Cyclist,To Massey,133
2021-04-01,Cyclist,To City,143
2021-04-02,Pedestrian,To Massey,714
2021-04-02,Pedestrian,To City,508
2021-04-02,Cyclist,To Massey,149
2021-04-02,Cyclist,To City,131
2021-04-03,Pedestrian,To Massey,986
2021-04-03,Pedestrian,To City,681
2021-04-03,Cyclist,To Massey,220
2021-04-03,Cyclist,To City,200
2021-04-04,Pedestrian,To Massey,851
2021-04-04,Pedestrian,To City,573
2021-04-04,Cyclist,To Massey,164
2021-04-04,Cyclist,To City,125
2021-04-05,Pedestrian,To Massey,574
2021-04-05,Pedestrian,To City,392
2021-04-05,Cyclist,To Massey,100
2021-04-05,Cyclist,To City,92
2021-04-06,Pedestrian,To Massey,562
2021-04-06,Pedestrian,To City,413
2021-04-06,Cyclist,To Massey,185
2021-04-06,Cyclist,To City,148
2021-04-07,Pedestrian,To Massey,412
2021-04-07,Pedestrian,To City,272
2021-04-07,Cyclist,To Massey,246
2021-04-07,Cyclist,To City,189
2021-04-08,Pedestrian,To Massey,383
2021-04-08,Pedestrian,To City,241
2021-04-08,Cyclist,To Massey,206
2021-04-08,Cyclist,To City,172
2021-04-09,Pedestrian,To Massey,384
2021-04-09,Pedestrian,To City,291
2021-04-09,Cyclist,To Massey,215
2021-04-09,Cyclist,To City,195
2021-04-10,Pedestrian,To Massey,326
2021-04-10,Pedestrian,To City,243
2021-04-10,Cyclist,To Massey,59
2021-04-10,Cyclist,To City,47
2021-04-11,Pedestrian,To Massey,777
2021-04-11,Pedestrian,To City,490
2021-04-11,Cyclist,To Massey,239
2021-04-11,Cyclist,To City,176
2021-04-12,Pedestrian,To Massey,465
2021-04-12,Pedestrian,To City,327
2021-04-12,Cyclist,To Massey,238
2021-04-12,Cyclist,To City,162
2021-04-13,Pedestrian,To Massey,325
2021-04-13,Pedestrian,To City,226
2021-04-13,Cyclist,To Massey,200
2021-04-13,Cyclist,To City,175
2021-04-14,Pedestrian,To Massey,367
2021-04-14,Pedestrian,To City,220
2021-04-14,Cyclist,To Massey,186
2021-04-14,Cyclist,To City,154
2021-04-15,Pedestrian,To Massey,257
2021-04-15,Pedestrian,To City,158
2021-04-15,Cyclist,To Massey,141
2021-04-15,Cyclist,To City,112
2021-04-16,Pedestrian,To Massey,299
2021-04-16,Pedestrian,To City,208
2021-04-16,Cyclist,To Massey,182
2021-04-16,Cyclist,To City,148
2021-04-17,Pedestrian,To Massey,548
2021-04-17,Pedestrian,To City,379
2021-04-17,Cyclist,To Massey,138
2021-04-17,Cyclist,To City,120
2021-04-18,Pedestrian,To Massey,671
2021-04-18,Pedestrian,To City,470
2021-04-18,Cyclist,To Massey,177
2021-04-18,Cyclist,To City,145
2021-04-19,Pedestrian,To Massey,356
2021-04-19,Pedestrian,To City,259
2021-04-19,Cyclist,To Massey,222
2021-04-19,Cyclist,To City,193
2021-04-20,Pedestrian,To Massey,445
2021-04-20,Pedestrian,To City,320
2021-04-20,Cyclist,To Massey,293
2021-04-20,Cyclist,To City,237
2021-04-21,Pedestrian,To Massey,405
2021-04-21,Pedestrian,To City,235
2021-04-21,Cyclist,To Massey,185
2021-04-21,Cyclist,To City,153
2021-04-22,Pedestrian,To Massey,587
2021-04-22,Pedestrian,To City,370
2021-04-22,Cyclist,To Massey,302
2021-04-22,Cyclist,To City,230
2021-04-23,Pedestrian,To Massey,519
2021-04-23,Pedestrian,To City,344
2021-04-23,Cyclist,To Massey,269
2021-04-23,Cyclist,To City,207
2021-04-24,Pedestrian,To Massey,775
2021-04-24,Pedestrian,To City,501
2021-04-24,Cyclist,To Massey,143
2021-04-24,Cyclist,To City,130
2021-04-25,Pedestrian,To Massey,859
2021-04-25,Pedestrian,To City,563
2021-04-25,Cyclist,To Massey,186
2021-04-25,Cyclist,To City,151
2021-04-26,Pedestrian,To Massey,775
2021-04-26,Pedestrian,To City,518
2021-04-26,Cyclist,To Massey,184
2021-04-26,Cyclist,To City,150
2021-04-27,Pedestrian,To Massey,332
2021-04-27,Pedestrian,To City,225
2021-04-27,Cyclist,To Massey,142
2021-04-27,Cyclist,To City,127
2021-04-28,Pedestrian,To Massey,487
2021-04-28,Pedestrian,To City,333
2021-04-28,Cyclist,To Massey,242
2021-04-28,Cyclist,To City,171
2021-04-29,Pedestrian,To Massey,651
2021-04-29,Pedestrian,To City,404
2021-04-29,Cyclist,To Massey,264
2021-04-29,Cyclist,To City,233
2021-04-30,Pedestrian,To Massey,494
2021-04-30,Pedestrian,To City,361
2021-04-30,Cyclist,To Massey,226
2021-04-30,Cyclist,To City,191
2021-05-01,Pedestrian,To Massey,761
2021-05-01,Pedestrian,To City,534
2021-05-01,Cyclist,To Massey,202
2021-05-01,Cyclist,To City,166
2021-05-02,Pedestrian,To Massey,817
2021-05-02,Pedestrian,To City,558
2021-05-02,Cyclist,To Massey,219
2021-05-02,Cyclist,To City,173
2021-05-03,Pedestrian,To Massey,531
2021-05-03,Pedestrian,To City,282
2021-05-03,Cyclist,To Massey,246
2021-05-03,Cyclist,To City,190
2021-05-04,Pedestrian,To Massey,438
2021-05-04,Pedestrian,To City,264
2021-05-04,Cyclist,To Massey,218
2021-05-04,Cyclist,To City,186
2021-05-05,Pedestrian,To Massey,371
2021-05-05,Pedestrian,To City,235
2021-05-05,Cyclist,To Massey,184
2021-05-05,Cyclist,To City,156
2021-05-06,Pedestrian,To Massey,324
2021-05-06,Pedestrian,To City,218
2021-05-06,Cyclist,To Massey,198
2021-05-06,Cyclist,To City,180
2021-05-07,Pedestrian,To Massey,375
2021-05-07,Pedestrian,To City,251
2021-05-07,Cyclist,To Massey,223
2021-05-07,Cyclist,To City,189
2021-05-08,Pedestrian,To Massey,711
2021-05-08,Pedestrian,To City,480
2021-05-08,Cyclist,To Massey,236
2021-05-08,Cyclist,To City,178
2021-05-09,Pedestrian,To Massey,525
2021-05-09,Pedestrian,To City,361
2021-05-09,Cyclist,To Massey,107
2021-05-09,Cyclist,To City,103
2021-05-10,Pedestrian,To Massey,297
2021-05-10,Pedestrian,To City,179
2021-05-10,Cyclist,To Massey,147
2021-05-10,Cyclist,To City,125
2021-05-11,Pedestrian,To Massey,359
2021-05-11,Pedestrian,To City,227
2021-05-11,Cyclist,To Massey,238
2021-05-11,Cyclist,To City,193
2021-05-12,Pedestrian,To Massey,153
2021-05-12,Pedestrian,To City,95
2021-05-12,Cyclist,To Massey,121
2021-05-12,Cyclist,To City,103
2021-05-13,Pedestrian,To Massey,346
2021-05-13,Pedestrian,To City,205
2021-05-13,Cyclist,To Massey,237
2021-05-13,Cyclist,To City,203
2021-05-14,Pedestrian,To Massey,436
2021-05-14,Pedestrian,To City,285
2021-05-14,Cyclist,To Massey,217
2021-05-14,Cyclist,To City,189
2021-05-15,Pedestrian,To Massey,501
2021-05-15,Pedestrian,To City,286
2021-05-15,Cyclist,To Massey,72
2021-05-15,Cyclist,To City,60
2021-05-16,Pedestrian,To Massey,724
2021-05-16,Pedestrian,To City,502
2021-05-16,Cyclist,To Massey,228
2021-05-16,Cyclist,To City,206
2021-05-17,Pedestrian,To Massey,209
2021-05-17,Pedestrian,To City,136
2021-05-17,Cyclist,To Massey,154
2021-05-17,Cyclist,To City,109
2021-05-18,Pedestrian,To Massey,180
2021-05-18,Pedestrian,To City,91
2021-05-18,Cyclist,To Massey,100
2021-05-18,Cyclist,To City,88
2021-05-19,Pedestrian,To Massey,264
2021-05-19,Pedestrian,To City,183
2021-05-19,Cyclist,To Massey,152
2021-05-19,Cyclist,To City,113
2021-05-20,Pedestrian,To Massey,409
2021-05-20,Pedestrian,To City,247
2021-05-20,Cyclist,To Massey,245
2021-05-20,Cyclist,To City,187
2021-05-21,Pedestrian,To Massey,317
2021-05-21,Pedestrian,To City,219
2021-05-21,Cyclist,To Massey,193
2021-05-21,Cyclist,To City,159
2021-05-22,Pedestrian,To Massey,571
2021-05-22,Pedestrian,To City,381
2021-05-22,Cyclist,To Massey,150
2021-05-22,Cyclist,To City,143
2021-05-23,Pedestrian,To Massey,471
2021-05-23,Pedestrian,To City,918
2021-05-23,Cyclist,To Massey,112
2021-05-23,Cyclist,To City,156
2021-05-24,Pedestrian,To Massey,220
2021-05-24,Pedestrian,To City,129
2021-05-24,Cyclist,To Massey,153
2021-05-24,Cyclist,To City,128
2021-05-25,Pedestrian,To Massey,410
2021-05-25,Pedestrian,To City,310
2021-05-25,Cyclist,To Massey,184
2021-05-25,Cyclist,To City,171
2021-05-26,Pedestrian,To Massey,392
2021-05-26,Pedestrian,To City,247
2021-05-26,Cyclist,To Massey,231
2021-05-26,Cyclist,To City,194
2021-05-27,Pedestrian,To Massey,380
2021-05-27,Pedestrian,To City,242
2021-05-27,Cyclist,To Massey,244
2021-05-27,Cyclist,To City,233
2021-05-28,Pedestrian,To Massey,533
2021-05-28,Pedestrian,To City,230
2021-05-28,Cyclist,To Massey,200
2021-05-28,Cyclist,To City,190
2021-05-29,Pedestrian,To Massey,524
2021-05-29,Pedestrian,To City,289
2021-05-29,Cyclist,To Massey,76
2021-05-29,Cyclist,To City,71
2021-05-30,Pedestrian,To Massey,711
2021-05-30,Pedestrian,To City,469
2021-05-30,Cyclist,To Massey,201
2021-05-30,Cyclist,To City,162
2021-05-31,Pedestrian,To Massey,309
2021-05-31,Pedestrian,To City,172
2021-05-31,Cyclist,To Massey,223
2021-05-31,Cyclist,To City,207
2020-06-01,Cyclist,To Massey,68
2020-06-01,Cyclist,To City,57
2020-06-01,Pedestrian,To Massey,306
2020-06-01,Pedestrian,To City,215
2020-06-02,Cyclist,To Massey,181
2020-06-02,Cyclist,To City,160
2020-06-02,Pedestrian,To Massey,428
2020-06-02,Pedestrian,To City,243
2020-06-03,Cyclist,To Massey,220
2020-06-03,Cyclist,To City,193
2020-06-03,Pedestrian,To Massey,506
2020-06-03,Pedestrian,To City,301
2020-06-04,Cyclist,To Massey,99
2020-06-04,Cyclist,To City,90
2020-06-04,Pedestrian,To Massey,223
2020-06-04,Pedestrian,To City,124
2020-06-05,Cyclist,To Massey,134
2020-06-05,Cyclist,To City,120
2020-06-05,Pedestrian,To Massey,354
2020-06-05,Pedestrian,To City,252
2020-06-06,Cyclist,To Massey,115
2020-06-06,Cyclist,To City,155
2020-06-06,Pedestrian,To Massey,632
2020-06-06,Pedestrian,To City,460
2020-06-07,Cyclist,To Massey,228
2020-06-07,Cyclist,To City,214
2020-06-07,Pedestrian,To Massey,870
2020-06-07,Pedestrian,To City,598
2020-06-08,Cyclist,To Massey,181
2020-06-08,Cyclist,To City,179
2020-06-08,Pedestrian,To Massey,468
2020-06-08,Pedestrian,To City,277
2020-06-09,Cyclist,To Massey,256
2020-06-09,Cyclist,To City,214
2020-06-09,Pedestrian,To Massey,489
2020-06-09,Pedestrian,To City,334
2020-06-10,Cyclist,To Massey,247
2020-06-10,Cyclist,To City,215
2020-06-10,Pedestrian,To Massey,458
2020-06-10,Pedestrian,To City,323
2020-06-11,Cyclist,To Massey,168
2020-06-11,Cyclist,To City,130
2020-06-11,Pedestrian,To Massey,260
2020-06-11,Pedestrian,To City,189
2020-06-12,Cyclist,To Massey,77
2020-06-12,Cyclist,To City,74
2020-06-12,Pedestrian,To Massey,123
2020-06-12,Pedestrian,To City,78
2020-06-13,Cyclist,To Massey,227
2020-06-13,Cyclist,To City,215
2020-06-13,Pedestrian,To Massey,815
2020-06-13,Pedestrian,To City,550
2020-06-14,Cyclist,To Massey,292
2020-06-14,Cyclist,To City,289
2020-06-14,Pedestrian,To Massey,1039
2020-06-14,Pedestrian,To City,677
2020-06-15,Cyclist,To Massey,223
2020-06-15,Cyclist,To City,204
2020-06-15,Pedestrian,To Massey,474
2020-06-15,Pedestrian,To City,244
2020-06-16,Cyclist,To Massey,252
2020-06-16,Cyclist,To City,218
2020-06-16,Pedestrian,To Massey,417
2020-06-16,Pedestrian,To City,243
2020-06-17,Cyclist,To Massey,211
2020-06-17,Cyclist,To City,189
2020-06-17,Pedestrian,To Massey,406
2020-06-17,Pedestrian,To City,284
2020-06-18,Cyclist,To Massey,73
2020-06-18,Cyclist,To City,72
2020-06-18,Pedestrian,To Massey,145
2020-06-18,Pedestrian,To City,82
2020-06-19,Cyclist,To Massey,149
2020-06-19,Cyclist,To City,131
2020-06-19,Pedestrian,To Massey,313
2020-06-19,Pedestrian,To City,218
2020-06-20,Cyclist,To Massey,224
2020-06-20,Cyclist,To City,216
2020-06-20,Pedestrian,To Massey,783
2020-06-20,Pedestrian,To City,592
2020-06-21,Cyclist,To Massey,148
2020-06-21,Cyclist,To City,165
2020-06-21,Pedestrian,To Massey,641
2020-06-21,Pedestrian,To City,459
2020-06-22,Cyclist,To Massey,261
2020-06-22,Cyclist,To City,246
2020-06-22,Pedestrian,To Massey,484
2020-06-22,Pedestrian,To City,258
2020-06-23,Cyclist,To Massey,300
2020-06-23,Cyclist,To City,234
2020-06-23,Pedestrian,To Massey,546
2020-06-23,Pedestrian,To City,354
2020-06-24,Cyclist,To Massey,254
2020-06-24,Cyclist,To City,237
2020-06-24,Pedestrian,To Massey,438
2020-06-24,Pedestrian,To City,268
2020-06-25,Cyclist,To Massey,136
2020-06-25,Cyclist,To City,138
2020-06-25,Pedestrian,To Massey,234
2020-06-25,Pedestrian,To City,167
2020-06-26,Cyclist,To Massey,146
2020-06-26,Cyclist,To City,146
2020-06-26,Pedestrian,To Massey,291
2020-06-26,Pedestrian,To City,210
2020-06-27,Cyclist,To Massey,96
2020-06-27,Cyclist,To City,113
2020-06-27,Pedestrian,To Massey,451
2020-06-27,Pedestrian,To City,329
2020-06-28,Cyclist,To Massey,271
2020-06-28,Cyclist,To City,243
2020-06-28,Pedestrian,To Massey,849
2020-06-28,Pedestrian,To City,549
2020-06-29,Cyclist,To Massey,187
2020-06-29,Cyclist,To City,179
2020-06-29,Pedestrian,To Massey,330
2020-06-29,Pedestrian,To City,201
2020-06-30,Cyclist,To Massey,188
2020-06-30,Cyclist,To City,185
2020-06-30,Pedestrian,To Massey,261
2020-06-30,Pedestrian,To City,195
2020-07-01,Cyclist,To Massey,193
2020-07-01,Cyclist,To City,178
2020-07-01,Pedestrian,To Massey,271
2020-07-01,Pedestrian,To City,175
2020-07-02,Cyclist,To Massey,149
2020-07-02,Cyclist,To City,144
2020-07-02,Pedestrian,To Massey,267
2020-07-02,Pedestrian,To City,176
2020-07-03,Cyclist,To Massey,191
2020-07-03,Cyclist,To City,170
2020-07-03,Pedestrian,To Massey,349
2020-07-03,Pedestrian,To City,246
2020-07-04,Cyclist,To Massey,160
2020-07-04,Cyclist,To City,145
2020-07-04,Pedestrian,To Massey,597
2020-07-04,Pedestrian,To City,437
2020-07-05,Cyclist,To Massey,216
2020-07-05,Cyclist,To City,232
2020-07-05,Pedestrian,To Massey,1029
2020-07-05,Pedestrian,To City,736
2020-07-06,Cyclist,To Massey,143
2020-07-06,Cyclist,To City,152
2020-07-06,Pedestrian,To Massey,430
2020-07-06,Pedestrian,To City,292
2020-07-07,Cyclist,To Massey,87
2020-07-07,Cyclist,To City,79
2020-07-07,Pedestrian,To Massey,258
2020-07-07,Pedestrian,To City,183
2020-07-08,Cyclist,To Massey,91
2020-07-08,Cyclist,To City,81
2020-07-08,Pedestrian,To Massey,253
2020-07-08,Pedestrian,To City,192
2020-07-09,Cyclist,To Massey,206
2020-07-09,Cyclist,To City,193
2020-07-09,Pedestrian,To Massey,481
2020-07-09,Pedestrian,To City,363
2020-07-10,Cyclist,To Massey,224
2020-07-10,Cyclist,To City,220
2020-07-10,Pedestrian,To Massey,462
2020-07-10,Pedestrian,To City,303
2020-07-11,Cyclist,To Massey,160
2020-07-11,Cyclist,To City,159
2020-07-11,Pedestrian,To Massey,660
2020-07-11,Pedestrian,To City,471
2020-07-12,Cyclist,To Massey,86
2020-07-12,Cyclist,To City,83
2020-07-12,Pedestrian,To Massey,468
2020-07-12,Pedestrian,To City,340
2020-07-13,Cyclist,To Massey,182
2020-07-13,Cyclist,To City,164
2020-07-13,Pedestrian,To Massey,395
2020-07-13,Pedestrian,To City,295
2020-07-14,Cyclist,To Massey,304
2020-07-14,Cyclist,To City,261
2020-07-14,Pedestrian,To Massey,669
2020-07-14,Pedestrian,To City,472
2020-07-15,Cyclist,To Massey,181
2020-07-15,Cyclist,To City,178
2020-07-15,Pedestrian,To Massey,375
2020-07-15,Pedestrian,To City,285
2020-07-16,Cyclist,To Massey,198
2020-07-16,Cyclist,To City,172
2020-07-16,Pedestrian,To Massey,248
2020-07-16,Pedestrian,To City,182
2020-07-17,Cyclist,To Massey,131
2020-07-17,Cyclist,To City,132
2020-07-17,Pedestrian,To Massey,265
2020-07-17,Pedestrian,To City,216
2020-07-18,Cyclist,To Massey,100
2020-07-18,Cyclist,To City,106
2020-07-18,Pedestrian,To Massey,430
2020-07-18,Pedestrian,To City,343
2020-07-19,Cyclist,To Massey,213
2020-07-19,Cyclist,To City,195
2020-07-19,Pedestrian,To Massey,828
2020-07-19,Pedestrian,To City,601
2020-07-20,Cyclist,To Massey,279
2020-07-20,Cyclist,To City,262
2020-07-20,Pedestrian,To Massey,473
2020-07-20,Pedestrian,To City,385
2020-07-21,Cyclist,To Massey,168
2020-07-21,Cyclist,To City,144
2020-07-21,Pedestrian,To Massey,206
2020-07-21,Pedestrian,To City,137
2020-07-22,Cyclist,To Massey,173
2020-07-22,Cyclist,To City,168
2020-07-22,Pedestrian,To Massey,326
2020-07-22,Pedestrian,To City,262
2020-07-23,Cyclist,To Massey,161
2020-07-23,Cyclist,To City,147
2020-07-23,Pedestrian,To Massey,262
2020-07-23,Pedestrian,To City,206
2020-07-24,Cyclist,To Massey,234
2020-07-24,Cyclist,To City,235
2020-07-24,Pedestrian,To Massey,381
2020-07-24,Pedestrian,To City,292
2020-07-25,Cyclist,To Massey,186
2020-07-25,Cyclist,To City,201
2020-07-25,Pedestrian,To Massey,784
2020-07-25,Pedestrian,To City,655
2020-07-26,Cyclist,To Massey,314
2020-07-26,Cyclist,To City,317
2020-07-26,Pedestrian,To Massey,1013
2020-07-26,Pedestrian,To City,831
2020-07-27,Cyclist,To Massey,290
2020-07-27,Cyclist,To City,311
2020-07-27,Pedestrian,To Massey,542
2020-07-27,Pedestrian,To City,434
2020-07-28,Cyclist,To Massey,244
2020-07-28,Cyclist,To City,221
2020-07-28,Pedestrian,To Massey,363
2020-07-28,Pedestrian,To City,277
2020-07-29,Cyclist,To Massey,289
2020-07-29,Cyclist,To City,278
2020-07-29,Pedestrian,To Massey,422
2020-07-29,Pedestrian,To City,317
2020-07-30,Cyclist,To Massey,278
2020-07-30,Cyclist,To City,266
2020-07-30,Pedestrian,To Massey,504
2020-07-30,Pedestrian,To City,349
